model,iso3,year,split,y_true,y_pred,residual,cluster_kmeans_k3
rf,AGO,2000,train,51.9,49.46580000000021,2.434199999999791,0.0
rf,AGO,2008,train,42.7,44.02460000000025,-1.3246000000002454,0.0
rf,ALB,1996,train,27.0,31.26445000000002,-4.264450000000021,1.0
rf,ALB,2002,train,31.7,33.113275000000215,-1.4132750000002154,1.0
rf,ALB,2005,train,30.6,32.3348000000002,-1.7348000000001988,1.0
rf,ALB,2008,train,30.0,31.756000000000025,-1.756000000000025,1.0
rf,ALB,2012,train,29.0,30.532800000000044,-1.5328000000000443,1.0
rf,ALB,2014,train,34.6,33.9987500000001,0.6012499999999008,1.0
rf,ALB,2015,train,32.8,33.06699999999987,-0.2669999999998751,1.0
rf,ALB,2016,train,33.7,33.52107500000021,0.1789249999997935,1.0
rf,ALB,2017,train,33.1,32.530075000000224,0.5699249999997775,1.0
rf,ALB,2018,train,30.1,30.875475000000215,-0.7754750000002133,1.0
rf,ARE,2018,train,26.4,28.025633333333186,-1.6256333333331874,2.0
rf,ARG,1991,train,46.8,47.05393185425662,-0.2539318542566207,2.0
rf,ARG,1994,train,45.9,47.317839547023176,-1.4178395470231777,2.0
rf,ARG,1996,train,49.5,49.44983169709518,0.050168302904822326,2.0
rf,ARG,1997,train,49.1,49.04986074471411,0.05013925528589169,2.0
rf,ARG,1998,train,50.7,49.88584130748503,0.8141586925149724,2.0
rf,ARG,1999,train,49.8,49.900375873015605,-0.10037587301560791,2.0
rf,ARG,2000,train,51.0,50.8671405228757,0.13285947712429902,2.0
rf,ARG,2001,train,53.3,52.072959999999675,1.227040000000322,2.0
rf,ARG,2002,train,53.8,51.50858888888857,2.2914111111114295,2.0
rf,ARG,2003,train,51.0,48.962471428571405,2.037528571428595,2.0
rf,ARG,2004,train,48.5,47.817904761904735,0.6820952380952647,2.0
rf,ARG,2005,train,47.8,47.256709206348994,0.5432907936510034,2.0
rf,ARG,2006,train,46.4,46.34226253968259,0.057737460317412115,2.0
rf,ARG,2007,train,46.3,45.617511111110865,0.6824888888891323,2.0
rf,ARG,2008,train,45.0,44.795666666666634,0.20433333333336634,2.0
rf,ARG,2009,train,43.8,43.648199999999775,0.15180000000022176,2.0
rf,ARG,2010,train,43.7,43.42871428571454,0.27128571428546167,2.0
rf,ARG,2011,train,42.7,42.36760000000024,0.3323999999997653,2.0
rf,ARG,2012,train,41.4,41.3848,0.015200000000000102,2.0
rf,ARG,2013,train,41.1,41.0527999999999,0.04720000000010316,2.0
rf,ARG,2014,train,41.8,41.581559999999726,0.21844000000027108,2.0
rf,ARG,2016,train,42.3,41.689999999999735,0.6100000000002623,2.0
rf,ARG,2017,train,41.4,40.88380000000002,0.5161999999999765,2.0
rf,ARG,2018,train,41.7,40.816600000000214,0.8833999999997886,2.0
rf,ARM,1996,train,44.4,41.69539285714293,2.7046071428570713,1.0
rf,ARM,1999,train,36.2,37.78180000000022,-1.5818000000002144,1.0
rf,ARM,2001,train,35.4,36.19739428571426,-0.7973942857142617,1.0
rf,ARM,2004,train,37.5,36.24346666666671,1.2565333333332873,1.0
rf,ARM,2005,train,36.0,35.57769859943981,0.42230140056018683,1.0
rf,ARM,2006,train,29.7,30.887800000000205,-1.1878000000002054,1.0
rf,ARM,2007,train,31.2,31.382400000000217,-0.18240000000021794,1.0
rf,ARM,2008,train,29.2,30.56680000000017,-1.3668000000001719,1.0
rf,ARM,2009,train,28.0,29.525800000000014,-1.5258000000000145,1.0
rf,ARM,2010,train,30.0,30.29619999999999,-0.29619999999998825,1.0
rf,ARM,2011,train,29.4,30.479399999999846,-1.079399999999847,1.0
rf,ARM,2013,train,30.6,31.25120000000015,-0.6512000000001485,1.0
rf,ARM,2014,train,31.5,31.89195,-0.39195000000000135,1.0
rf,ARM,2015,train,32.4,32.62208333333317,-0.22208333333317398,1.0
rf,ARM,2018,train,34.4,34.328635714285625,0.07136428571437392,1.0
rf,AUS,2016,train,33.7,33.85300000000013,-0.1530000000001266,2.0
rf,AUS,2018,train,34.3,34.15519999999982,0.14480000000017412,2.0
rf,AUT,2003,train,29.5,29.64180499999998,-0.1418049999999802,2.0
rf,AUT,2004,train,29.8,29.59553499999987,0.20446500000013046,2.0
rf,AUT,2005,train,28.7,29.134190000000164,-0.4341900000001644,2.0
rf,AUT,2006,train,29.6,29.776975000000164,-0.1769750000001622,2.0
rf,AUT,2007,train,30.6,30.32205504273516,0.27794495726484314,2.0
rf,AUT,2008,train,30.4,30.371803650793513,0.028196349206485394,2.0
rf,AUT,2009,train,31.5,30.879028571428552,0.6209714285714476,2.0
rf,AUT,2010,train,30.3,30.414906550671347,-0.11490655067134625,2.0
rf,AUT,2011,train,30.8,30.650594603174408,0.14940539682559262,2.0
rf,AUT,2012,train,30.5,30.493323650793588,0.006676349206411913,2.0
rf,AUT,2013,train,30.8,30.62817742368725,0.17182257631274922,2.0
rf,AUT,2014,train,30.5,30.48427202686198,0.01572797313801999,2.0
rf,AUT,2015,train,30.5,30.485796153846124,0.014203846153876043,2.0
rf,AUT,2016,train,30.8,30.605098534798366,0.1949014652016352,2.0
rf,AUT,2017,train,29.7,29.993305439560555,-0.2933054395605552,2.0
rf,AUT,2018,train,30.8,30.498880952380812,0.3011190476191885,2.0
rf,BDI,1992,train,33.3,35.255699999999756,-1.9556999999997586,0.0
rf,BDI,2006,train,33.4,35.5911999999999,-2.1911999999999026,0.0
rf,BDI,2013,train,38.6,38.13520000000001,0.46479999999998967,0.0
rf,BEL,2003,train,28.1,29.209875555555694,-1.1098755555556927,2.0
rf,BEL,2004,train,30.5,30.08363555555556,0.4163644444444401,2.0
rf,BEL,2005,train,29.3,29.230499999999886,0.06950000000011514,2.0
rf,BEL,2006,train,28.1,28.629526746031903,-0.5295267460319018,2.0
rf,BEL,2007,train,29.2,29.033562857143018,0.16643714285698152,2.0
rf,BEL,2008,train,28.4,28.720049999999876,-0.3200499999998776,2.0
rf,BEL,2009,train,28.6,28.560265476190633,0.03973452380936848,2.0
rf,BEL,2010,train,28.4,28.321176190476066,0.0788238095239322,2.0
rf,BEL,2011,train,28.1,28.13853666666681,-0.03853666666680766,2.0
rf,BEL,2012,train,27.5,27.71174435897439,-0.21174435897438926,2.0
rf,BEL,2013,train,27.7,27.81308304945072,-0.11308304945072223,2.0
rf,BEL,2014,train,28.1,28.02846214285734,0.07153785714266192,2.0
rf,BEL,2015,train,27.7,27.86258964285734,-0.16258964285734123,2.0
rf,BEL,2016,train,27.6,27.685162335164982,-0.08516233516498062,2.0
rf,BEL,2017,train,27.4,27.596816666666555,-0.19681666666655673,2.0
rf,BEL,2018,train,27.2,27.55546666666678,-0.35546666666678206,2.0
rf,BEN,2003,train,38.6,39.001599999999975,-0.40159999999997353,0.0
rf,BEN,2011,train,43.4,42.63255436507946,0.7674456349205414,0.0
rf,BEN,2015,train,47.6,45.311193137254854,2.2888068627451474,0.0
rf,BFA,2009,train,39.8,40.3176714285712,-0.5176714285712052,0.0
rf,BFA,2014,train,35.3,37.08237647058804,-1.7823764705880407,0.0
rf,BFA,2018,train,43.0,41.26609365079363,1.7339063492063715,0.0
rf,BGD,2000,train,33.4,33.58299999999989,-0.18299999999989325,0.0
rf,BGD,2005,train,33.2,33.30920000000021,-0.10920000000020735,0.0
rf,BGD,2010,train,32.1,32.59080000000016,-0.49080000000015644,0.0
rf,BGD,2016,train,32.4,34.069599999999895,-1.669599999999896,0.0
rf,BGR,2001,train,32.7,34.269500000000214,-1.569500000000211,
rf,BGR,2003,train,28.9,31.085449999999902,-2.1854499999999035,
rf,BGR,2006,train,35.7,34.85535835421909,0.8446416457809107,
rf,BGR,2007,train,36.1,35.46731111111117,0.6326888888888291,
rf,BGR,2008,train,33.6,33.75737857142872,-0.15737857142871547,
rf,BGR,2009,train,33.8,34.60944644945681,-0.8094464494568143,
rf,BGR,2010,train,35.7,35.63678747702608,0.06321252297392022,
rf,BGR,2011,train,34.3,34.84739922305745,-0.5473992230574538,
rf,BGR,2012,train,36.0,35.75314005448399,0.24685994551600743,
rf,BGR,2013,train,36.6,36.58268460317467,0.017315396825331675,
rf,BGR,2014,train,37.4,37.346871904761876,0.05312809523812234,
rf,BGR,2015,train,38.6,38.24342857142855,0.3565714285714492,
rf,BGR,2016,train,40.6,39.357499999999945,1.2425000000000566,
rf,BGR,2017,train,40.4,39.359900000000025,1.040099999999974,
rf,BGR,2018,train,41.3,39.189739999999794,2.1102600000002028,
rf,BIH,2007,train,34.3,36.09954166666642,-1.7995416666664212,1.0
rf,BIH,2011,train,33.3,35.21026666666643,-1.9102666666664305,1.0
rf,BIH,2015,train,32.9,34.594616666666525,-1.6946166666665263,1.0
rf,BLR,1995,train,28.7,30.18000000000015,-1.4800000000001496,1.0
rf,BLR,1998,train,32.0,32.275600000000026,-0.2756000000000256,1.0
rf,BLR,2008,train,27.8,28.6079999999999,-0.8079999999999004,1.0
rf,BLR,2009,train,27.7,28.158400000000146,-0.4584000000001467,1.0
rf,BLR,2010,train,28.6,28.57520000000014,0.02479999999986049,1.0
rf,BLR,2011,train,27.2,27.481057142857313,-0.2810571428573141,1.0
rf,BLR,2012,train,26.5,26.964966666666744,-0.4649666666667436,1.0
rf,BLR,2013,train,26.6,26.750216666666862,-0.15021666666686073,1.0
rf,BLR,2014,train,27.2,26.979657142857324,0.22034285714267554,1.0
rf,BLR,2015,train,25.6,26.146533333333497,-0.5465333333334961,1.0
rf,BLR,2016,train,25.3,26.317899999999927,-1.0178999999999263,1.0
rf,BLR,2017,train,25.4,26.037133333333212,-0.6371333333332139,1.0
rf,BLR,2018,train,25.2,26.448633333333415,-1.2486333333334159,1.0
rf,BLZ,1994,train,60.9,57.48553391812896,3.4144660818710406,1.0
rf,BLZ,1995,train,57.5,55.90100725146207,1.5989927485379312,1.0
rf,BLZ,1999,train,53.2,52.733536666666986,0.46646333333301726,1.0
rf,BLZ,2018,train,39.9,39.68419999999999,0.21580000000000865,1.0
rf,BOL,1999,train,58.0,57.02247777777775,0.9775222222222482,1.0
rf,BOL,2000,train,61.6,59.232090123209794,2.3679098767902076,1.0
rf,BOL,2001,train,57.4,56.71623333333355,0.6837666666664504,1.0
rf,BOL,2002,train,59.3,56.684250450450186,2.615749549549811,1.0
rf,BOL,2004,train,55.0,53.73939048951048,1.2606095104895232,1.0
rf,BOL,2005,train,58.5,55.37346564102567,3.1265343589743324,1.0
rf,BOL,2006,train,56.7,55.021956643356916,1.6780433566430872,1.0
rf,BOL,2007,train,54.5,53.08171965922963,1.418280340770373,1.0
rf,BOL,2008,train,50.8,50.019978015872724,0.7800219841272735,1.0
rf,BOL,2009,train,49.2,49.63956323710852,-0.43956323710851564,1.0
rf,BOL,2011,train,46.1,46.63344736575716,-0.5334473657571621,1.0
rf,BOL,2012,train,46.6,46.68862175657654,-0.08862175657653637,1.0
rf,BOL,2013,train,47.6,47.0866054160402,0.5133945839598013,1.0
rf,BOL,2014,train,47.8,46.60005731601704,1.199942683982954,1.0
rf,BOL,2015,train,46.7,44.991490922939384,1.7085090770606186,1.0
rf,BOL,2016,train,45.2,44.145546457127395,1.0544535428726078,1.0
rf,BOL,2017,train,44.6,44.08369285295339,0.5163071470466107,1.0
rf,BOL,2018,train,42.6,42.32594809523804,0.2740519047619614,1.0
rf,BRA,2012,train,53.4,52.517733333333624,0.882266666666375,2.0
rf,BRA,2013,train,52.7,52.25806666666695,0.4419333333330542,2.0
rf,BRA,2014,train,52.1,51.93466666666661,0.16533333333339328,2.0
rf,BRA,2015,train,51.9,51.97653333333362,-0.07653333333362156,2.0
rf,BRA,2016,train,53.4,52.60092000000023,0.7990799999997691,2.0
rf,BRA,2017,train,53.3,52.71266666666644,0.5873333333335538,2.0
rf,BRA,2018,train,53.9,52.67740000000023,1.2225999999997654,2.0
rf,BRB,2016,train,34.1,36.139400000000066,-2.0394000000000645,2.0
rf,BTN,2012,train,38.8,40.40696666666644,-1.6069666666664446,0.0
rf,BTN,2017,train,37.4,38.60026666666668,-1.2002666666666784,0.0
rf,BWA,1993,train,60.1,55.83279999999973,4.2672000000002726,
rf,BWA,2002,train,61.5,55.209,6.290999999999997,
rf,CAF,1992,train,59.7,54.71740000000031,4.982599999999692,0.0
rf,CAN,2000,train,33.4,32.37730853812838,1.0226914618716165,2.0
rf,CAN,2005,train,33.6,33.26278838004119,0.3372116199588149,2.0
rf,CAN,2006,train,34.1,33.68294240601516,0.4170575939848433,2.0
rf,CAN,2007,train,33.8,33.68310558061805,0.11689441938194989,2.0
rf,CAN,2008,train,33.9,33.64323573934826,0.2567642606517353,2.0
rf,CAN,2009,train,34.0,33.80686081871347,0.19313918128653285,2.0
rf,CAN,2010,train,33.6,33.481108437761236,0.1188915622387654,2.0
rf,CAN,2011,train,32.7,32.95102843776129,-0.2510284377612848,2.0
rf,CAN,2012,train,33.5,33.42509177109446,0.07490822890554227,2.0
rf,CAN,2013,train,33.8,33.586167961570446,0.21383203842955112,2.0
rf,CAN,2014,train,33.2,33.26327288220573,-0.06327288220573024,2.0
rf,CAN,2015,train,33.7,33.408388913951796,0.2916110860482064,2.0
rf,CAN,2016,train,32.7,32.94432380952402,-0.244323809524019,2.0
rf,CAN,2017,train,33.3,33.20477142857128,0.09522857142871999,2.0
rf,CAN,2018,train,32.5,32.63746666666669,-0.13746666666668972,2.0
rf,CHE,2000,train,33.4,33.34543047619035,0.05456952380964708,2.0
rf,CHE,2002,train,31.7,32.262757142857296,-0.562757142857297,2.0
rf,CHE,2004,train,31.6,31.839157142857307,-0.23915714285730516,2.0
rf,CHE,2006,train,33.9,33.57269222222204,0.3273077777779605,2.0
rf,CHE,2007,train,34.3,33.808212222222,0.49178777777800065,2.0
rf,CHE,2008,train,33.8,33.545892222222,0.2541077777779961,2.0
rf,CHE,2009,train,32.9,32.66904999999987,0.2309500000001279,2.0
rf,CHE,2010,train,32.6,32.564949145299316,0.03505085470068536,2.0
rf,CHE,2011,train,31.7,31.94529285714308,-0.24529285714308102,2.0
rf,CHE,2012,train,31.6,31.825750000000205,-0.22575000000020395,2.0
rf,CHE,2013,train,32.5,32.3517626373627,0.14823736263730325,2.0
rf,CHE,2015,train,32.3,32.4990019230768,-0.19900192307679987,2.0
rf,CHE,2016,train,33.0,32.88926192307694,0.11073807692306303,2.0
rf,CHE,2017,train,32.7,32.712624145299344,-0.012624145299341194,2.0
rf,CHE,2018,train,33.1,32.90658222222242,0.19341777777758296,2.0
rf,CHL,2000,train,52.8,50.779746463046465,2.0202535369535326,2.0
rf,CHL,2003,train,51.5,49.87839480610469,1.6216051938953129,2.0
rf,CHL,2006,train,47.7,46.07375018981046,1.6262498101895417,2.0
rf,CHL,2009,train,47.4,45.996907653523074,1.4030923464769245,2.0
rf,CHL,2011,train,46.9,45.715607800228206,1.1843921997717928,2.0
rf,CHL,2013,train,46.8,45.10885432018936,1.6911456798106386,2.0
rf,CHL,2015,train,45.3,44.21105666666635,1.0889433333336456,2.0
rf,CHL,2017,train,45.3,43.549283333333044,1.7507166666669534,2.0
rf,CHN,1990,train,32.2,33.064000000000185,-0.864000000000182,1.0
rf,CHN,1993,train,33.9,34.237199999999945,-0.337199999999946,1.0
rf,CHN,1996,train,35.2,34.847400000000235,0.352599999999768,1.0
rf,CHN,1999,train,38.7,37.57220000000026,1.1277999999997448,1.0
rf,CHN,2002,train,42.0,40.45605000000001,1.5439499999999882,1.0
rf,CHN,2008,train,43.0,42.50314166666669,0.4968583333333072,1.0
rf,CHN,2010,train,43.7,42.939608333333645,0.7603916666663579,1.0
rf,CHN,2011,train,42.4,42.28378055555572,0.11621944444427612,1.0
rf,CHN,2012,train,42.2,41.98193333333361,0.2180666666663953,1.0
rf,CIV,2015,train,41.5,41.89084642857145,-0.39084642857145013,0.0
rf,CIV,2018,train,37.2,39.361200000000245,-2.1612000000002425,0.0
rf,CMR,2001,train,42.1,41.280639803921574,0.8193601960784278,0.0
rf,CMR,2007,train,42.8,42.63602845471501,0.16397154528498703,0.0
rf,CMR,2014,train,46.6,44.97741666666654,1.6225833333334592,0.0
rf,COD,2012,train,42.1,40.27207647058821,1.827923529411791,0.0
rf,COL,2000,train,58.4,54.744447619047826,3.655552380952173,1.0
rf,COL,2002,train,56.0,53.94020000000001,2.0597999999999885,1.0
rf,COL,2004,train,55.0,53.684148888888956,1.3158511111110442,1.0
rf,COL,2005,train,53.9,52.80569706636526,1.0943029336347365,1.0
rf,COL,2008,train,55.0,53.29994630718952,1.700053692810478,1.0
rf,COL,2009,train,54.1,53.8266902754434,0.2733097245566043,1.0
rf,COL,2010,train,54.4,53.60013027544369,0.7998697245563093,1.0
rf,COL,2011,train,53.3,51.94416825684094,1.355831743159058,1.0
rf,COL,2012,train,53.6,53.131998620986586,0.46800137901341543,1.0
rf,COL,2013,train,53.5,53.00465084320901,0.49534915679098646,1.0
rf,COL,2014,train,53.6,52.9955074398475,0.6044925601525009,1.0
rf,COL,2015,train,52.0,51.887721249371566,0.11227875062843395,1.0
rf,COL,2016,train,51.7,51.036707586368166,0.6632924136318366,1.0
rf,COL,2017,train,50.9,50.821385364145904,0.07861463585409467,1.0
rf,COL,2018,train,51.6,51.01463536414546,0.585364635854539,1.0
rf,COM,2004,train,55.9,50.534000000000184,5.365999999999815,
rf,COM,2014,train,45.3,44.37393333333312,0.9260666666668769,
rf,CPV,2001,train,52.5,50.00130634920636,2.4986936507936406,1.0
rf,CPV,2007,train,47.2,45.6756166666669,1.5243833333331054,1.0
rf,CPV,2015,train,42.4,41.42175000000012,0.9782499999998819,1.0
rf,CRI,2002,train,51.8,51.21479437944986,0.5852056205501341,2.0
rf,CRI,2004,train,48.4,48.36126070499399,0.038739295006010366,2.0
rf,CRI,2005,train,47.5,47.65665025044845,-0.15665025044845038,2.0
rf,CRI,2006,train,49.3,48.30975725157397,0.9902427484260272,2.0
rf,CRI,2007,train,49.3,48.64386709596377,0.6561329040362267,2.0
rf,CRI,2008,train,48.6,47.56612484897665,1.0338751510233521,2.0
rf,CRI,2009,train,50.6,48.74063492189735,1.8593650781026483,2.0
rf,CRI,2010,train,48.0,47.82115586324886,0.1788441367511382,2.0
rf,CRI,2011,train,48.8,48.00441621262637,0.79558378737363,2.0
rf,CRI,2012,train,48.4,48.217017982152655,0.18298201784734403,2.0
rf,CRI,2013,train,49.2,48.45477707855692,0.7452229214430801,2.0
rf,CRI,2014,train,48.6,48.21376717786897,0.38623282213103494,2.0
rf,CRI,2015,train,48.4,47.94935186040895,0.45064813959104555,2.0
rf,CRI,2016,train,48.7,48.077633380265986,0.6223666197340165,2.0
rf,CRI,2017,train,48.3,48.092781182197896,0.20721881780210083,2.0
rf,CRI,2018,train,48.0,47.79070504222693,0.20929495777306784,2.0
rf,CYP,2004,train,30.1,31.526822145593993,-1.4268221455939916,2.0
rf,CYP,2005,train,30.3,31.05135111111102,-0.7513511111110205,2.0
rf,CYP,2006,train,31.1,31.291675714285894,-0.1916757142858927,2.0
rf,CYP,2007,train,31.1,31.335790000000205,-0.235790000000204,2.0
rf,CYP,2008,train,31.7,31.78660000000024,-0.08660000000024226,2.0
rf,CYP,2009,train,32.1,31.961310000000175,0.13868999999982634,2.0
rf,CYP,2010,train,31.5,31.73135000000005,-0.2313500000000488,2.0
rf,CYP,2011,train,32.6,32.498813333333494,0.10118666666650711,2.0
rf,CYP,2012,train,34.3,34.26944103448257,0.03055896551742876,2.0
rf,CYP,2013,train,37.0,35.99072470588235,1.00927529411765,2.0
rf,CYP,2014,train,35.6,35.284788550724706,0.31521144927529576,2.0
rf,CYP,2015,train,34.0,34.07719999999998,-0.0771999999999835,2.0
rf,CYP,2016,train,32.9,33.07602333333318,-0.17602333333318398,2.0
rf,CYP,2017,train,31.4,32.008349999999865,-0.6083499999998665,2.0
rf,CYP,2018,train,32.7,32.452613333333474,0.24738666666652875,2.0
rf,CZE,2002,train,26.6,28.070956666666802,-1.470956666666801,2.0
rf,CZE,2004,train,27.5,27.51383333333332,-0.013833333333320041,2.0
rf,CZE,2005,train,26.9,27.0759333333332,-0.1759333333332016,2.0
rf,CZE,2006,train,26.7,26.780063333333462,-0.08006333333346305,2.0
rf,CZE,2007,train,26.0,26.238206666666663,-0.23820666666666312,2.0
rf,CZE,2008,train,26.3,26.46114999999988,-0.16114999999987845,2.0
rf,CZE,2009,train,26.2,26.561670909091035,-0.3616709090910355,2.0
rf,CZE,2010,train,26.6,26.759420909091073,-0.15942090909107165,2.0
rf,CZE,2011,train,26.4,26.376375714285604,0.023624285714394233,2.0
rf,CZE,2012,train,26.1,26.242990000000127,-0.1429900000001254,2.0
rf,CZE,2013,train,26.5,26.53704904761904,-0.037049047619039044,2.0
rf,CZE,2014,train,25.9,26.160439999999827,-0.2604399999998286,2.0
rf,CZE,2015,train,25.9,25.958399999999795,-0.05839999999979639,2.0
rf,CZE,2016,train,25.4,25.554146031745834,-0.1541460317458352,2.0
rf,CZE,2017,train,24.9,25.50419999999982,-0.6041999999998211,2.0
rf,CZE,2018,train,25.0,25.7092333333333,-0.7092333333333016,2.0
rf,DEU,2001,train,29.9,30.39899999999983,-0.4989999999998318,2.0
rf,DEU,2002,train,29.9,30.2331999999998,-0.33319999999980254,2.0
rf,DEU,2003,train,29.9,30.14699999999982,-0.24699999999982225,2.0
rf,DEU,2004,train,30.1,30.467200000000147,-0.3672000000001461,2.0
rf,DEU,2005,train,31.6,31.406200000000183,0.19379999999981834,2.0
rf,DEU,2006,train,31.0,31.154400000000056,-0.15440000000005583,2.0
rf,DEU,2007,train,31.2,31.09023333333353,0.10976666666647006,2.0
rf,DEU,2008,train,30.6,30.863746666666845,-0.26374666666684377,2.0
rf,DEU,2009,train,30.4,30.784399999999863,-0.3843999999998644,2.0
rf,DEU,2010,train,30.2,30.475100000000165,-0.2751000000001653,2.0
rf,DEU,2011,train,30.4,30.61366095238075,-0.2136609523807529,2.0
rf,DEU,2012,train,30.9,30.9035276190474,-0.0035276190474000657,2.0
rf,DEU,2013,train,31.4,31.199816666666464,0.2001833333335341,2.0
rf,DEU,2014,train,30.8,30.971013333333097,-0.17101333333309654,2.0
rf,DEU,2015,train,31.4,31.327045238095014,0.07295476190498462,2.0
rf,DEU,2016,train,31.3,31.291045238094977,0.008954761905023645,2.0
rf,DEU,2017,train,31.3,31.29121666666641,0.008783333333589383,2.0
rf,DEU,2018,train,31.9,31.643266666666428,0.25673333333357107,2.0
rf,DNK,2003,train,25.6,25.835980555555683,-0.2359805555556811,2.0
rf,DNK,2004,train,24.9,25.425930555555468,-0.525930555555469,2.0
rf,DNK,2005,train,25.2,25.577675000000124,-0.37767500000012433,2.0
rf,DNK,2006,train,25.9,26.00414166666654,-0.10414166666654268,2.0
rf,DNK,2007,train,26.2,26.237975000000112,-0.03797500000011311,2.0
rf,DNK,2008,train,25.2,25.781975000000124,-0.5819750000001243,2.0
rf,DNK,2009,train,26.7,27.027542222222365,-0.32754222222236606,2.0
rf,DNK,2010,train,27.2,27.269072222222352,-0.06907222222235276,2.0
rf,DNK,2011,train,27.3,27.515366666666562,-0.21536666666656146,2.0
rf,DNK,2012,train,27.8,27.733283809523677,0.06671619047632404,2.0
rf,DNK,2013,train,28.5,28.343613452380936,0.15638654761906423,2.0
rf,DNK,2014,train,28.4,28.38498678571416,0.015013214285840348,2.0
rf,DNK,2015,train,28.2,28.337798174603307,-0.1377981746033079,2.0
rf,DNK,2016,train,28.2,28.18226388888908,0.01773611111092066,2.0
rf,DNK,2017,train,28.7,28.479112500000184,0.22088749999981516,2.0
rf,DNK,2018,train,28.2,28.177152579365277,0.022847420634722226,2.0
rf,DOM,2000,train,51.5,51.07087216691208,0.429127833087918,1.0
rf,DOM,2002,train,49.7,49.40880093879997,0.29119906120003236,1.0
rf,DOM,2004,train,52.1,50.428319969942166,1.6716800300578356,1.0
rf,DOM,2005,train,50.0,49.65935845457378,0.34064154542622305,1.0
rf,DOM,2007,train,48.9,48.702278148009704,0.1977218519902948,1.0
rf,DOM,2008,train,48.1,48.33056640512209,-0.23056640512209015,1.0
rf,DOM,2009,train,48.9,48.070309806940095,0.8296901930599034,1.0
rf,DOM,2010,train,47.3,47.46764289076488,-0.16764289076488126,1.0
rf,DOM,2011,train,47.7,47.38856645833717,0.3114335416628293,1.0
rf,DOM,2012,train,46.1,46.51455848914156,-0.41455848914155524,1.0
rf,DOM,2013,train,47.7,47.051441596263466,0.6485584037365371,1.0
rf,DOM,2014,train,44.3,45.27858732073143,-0.9785873207314353,1.0
rf,DOM,2015,train,45.2,45.472907412628295,-0.27290741262829243,1.0
rf,DOM,2016,train,45.7,45.13985112105995,0.5601488789400548,1.0
rf,DOM,2017,train,42.2,43.55886160142755,-1.3588616014275487,1.0
rf,DOM,2018,train,43.7,44.4099054678243,-0.7099054678242993,1.0
rf,DZA,1995,train,35.3,39.91159999999975,-4.611599999999754,1.0
rf,DZA,2011,train,27.6,32.84866666666681,-5.248666666666807,1.0
rf,ECU,2000,train,56.3,53.207058191632605,3.0929418083673923,1.0
rf,ECU,2003,train,53.5,52.49179153394424,1.0082084660557626,1.0
rf,ECU,2004,train,53.9,53.066491318049195,0.8335086819508035,1.0
rf,ECU,2005,train,53.1,52.70585357818632,0.3941464218136801,1.0
rf,ECU,2006,train,52.3,52.35405684658454,-0.054056846584543905,1.0
rf,ECU,2007,train,53.4,52.536372495935574,0.863627504064425,1.0
rf,ECU,2009,train,48.5,48.623112434676834,-0.12311243467683397,1.0
rf,ECU,2010,train,48.8,47.988320904799885,0.8116790952001125,1.0
rf,ECU,2011,train,45.9,46.12684161237096,-0.22684161237096134,1.0
rf,ECU,2012,train,46.1,46.276701136180286,-0.17670113618028438,1.0
rf,ECU,2013,train,46.9,46.514235739355094,0.38576426064490477,1.0
rf,ECU,2014,train,45.0,45.40303162983875,-0.4030316298387504,1.0
rf,ECU,2015,train,46.0,45.51457517540623,0.4854248245937711,1.0
rf,ECU,2016,train,45.0,45.62247455187774,-0.6224745518777368,1.0
rf,ECU,2017,train,44.7,45.07441296145633,-0.3744129614563292,1.0
rf,ECU,2018,train,45.4,45.16237102698724,0.23762897301276098,1.0
rf,EGY,1990,train,32.0,34.516199999999984,-2.5161999999999836,1.0
rf,EGY,1995,train,30.1,32.54780000000013,-2.4478000000001288,1.0
rf,EGY,1999,train,30.8,33.06539999999977,-2.2653999999997687,1.0
rf,EGY,2004,train,31.8,33.499999999999794,-1.6999999999997932,1.0
rf,EGY,2010,train,30.2,32.19200000000014,-1.992000000000143,1.0
rf,EGY,2012,train,28.3,32.21134285714267,-3.9113428571426674,1.0
rf,EGY,2017,train,31.5,33.32999999999996,-1.8299999999999628,1.0
rf,ESP,2003,train,31.8,34.441199999999775,-2.641199999999774,2.0
rf,ESP,2004,train,33.3,33.70339999999976,-0.4033999999997633,2.0
rf,ESP,2005,train,32.4,33.093323809523625,-0.6933238095236263,2.0
rf,ESP,2006,train,33.5,33.68868333333333,-0.18868333333332998,2.0
rf,ESP,2007,train,34.1,34.40019194139208,-0.30019194139207883,2.0
rf,ESP,2008,train,34.2,34.59992555107748,-0.3999255510774802,2.0
rf,ESP,2009,train,34.9,35.03781099567097,-0.13781099567096788,2.0
rf,ESP,2010,train,35.2,35.290676416878334,-0.09067641687833117,2.0
rf,ESP,2011,train,35.7,35.53806307244503,0.1619369275549758,2.0
rf,ESP,2012,train,35.4,36.22063259625433,-0.8206325962543346,2.0
rf,ESP,2013,train,36.2,36.438343859435854,-0.2383438594358509,2.0
rf,ESP,2014,train,36.1,36.063624798534924,0.03637520146507711,2.0
rf,ESP,2015,train,36.2,36.0190200366302,0.1809799633698006,2.0
rf,ESP,2016,train,35.8,35.65199579420563,0.1480042057943649,2.0
rf,ESP,2017,train,34.7,34.79373089795287,-0.0937308979528666,2.0
rf,ESP,2018,train,34.7,34.7303477233497,-0.03034772334969915,2.0
rf,EST,2001,train,36.0,35.872303737466,0.1276962625340019,2.0
rf,EST,2002,train,35.8,35.7207035952625,0.079296404737498,2.0
rf,EST,2003,train,37.2,36.26468385670077,0.9353161432992323,2.0
rf,EST,2004,train,33.6,34.21038283549792,-0.6103828354979157,2.0
rf,EST,2005,train,33.4,33.76495235930725,-0.364952359307253,2.0
rf,EST,2006,train,33.7,33.5611969047621,0.13880309523790402,2.0
rf,EST,2007,train,31.2,31.872266666666846,-0.6722666666668466,2.0
rf,EST,2008,train,31.9,32.351399999999856,-0.45139999999985747,2.0
rf,EST,2009,train,31.4,32.07841111111098,-0.6784111111109823,2.0
rf,EST,2010,train,32.0,32.57270656565657,-0.5727065656565671,2.0
rf,EST,2011,train,32.5,32.89016499999998,-0.3901649999999819,2.0
rf,EST,2012,train,32.9,33.00311666666652,-0.10311666666652286,2.0
rf,EST,2013,train,35.1,34.2439666666668,0.8560333333332011,2.0
rf,EST,2014,train,34.6,34.11812500000016,0.48187499999983885,2.0
rf,EST,2015,train,32.7,32.67715000000023,0.022849999999770887,2.0
rf,EST,2016,train,31.2,31.124966666666847,0.07503333333315254,2.0
rf,EST,2017,train,30.4,30.39558809523793,0.0044119047620689855,2.0
rf,EST,2018,train,30.3,30.241388095237923,0.05861190476207767,2.0
rf,ETH,2004,train,29.8,32.03859999999981,-2.23859999999981,0.0
rf,ETH,2010,train,33.2,33.899600000000184,-0.6996000000001814,0.0
rf,ETH,2015,train,35.0,34.840200000000024,0.15979999999997574,0.0
rf,FIN,2003,train,27.7,28.482264285714404,-0.7822642857144047,2.0
rf,FIN,2004,train,27.9,28.1423984065933,-0.2423984065933027,2.0
rf,FIN,2005,train,27.6,27.790134120879245,-0.19013412087924308,2.0
rf,FIN,2006,train,28.0,27.894238095238094,0.10576190476190561,2.0
rf,FIN,2007,train,28.3,28.22147388278372,0.07852611721628122,2.0
rf,FIN,2008,train,27.8,27.927819597069448,-0.1278195970694469,2.0
rf,FIN,2009,train,27.5,27.790343565323585,-0.2903435653235853,2.0
rf,FIN,2010,train,27.7,27.675394554334698,0.024605445665301318,2.0
rf,FIN,2011,train,27.6,27.753341300366472,-0.15334130036647053,2.0
rf,FIN,2012,train,27.1,27.266860967366146,-0.1668609673661443,2.0
rf,FIN,2013,train,27.2,27.168713586413727,0.03128641358627249,2.0
rf,FIN,2014,train,26.8,26.995143586413544,-0.19514358641354335,2.0
rf,FIN,2015,train,27.1,27.438005491175648,-0.3380054911756467,2.0
rf,FIN,2016,train,27.1,27.184765967366104,-0.08476596736610276,2.0
rf,FIN,2017,train,27.4,27.50792497835481,-0.10792497835481285,2.0
rf,FIN,2018,train,27.3,27.365010692640553,-0.06501069264055204,2.0
rf,FJI,2002,train,38.1,40.50544285714275,-2.405442857142745,1.0
rf,FJI,2008,train,40.4,41.22307619047619,-0.8230761904761934,1.0
rf,FRA,2001,train,32.5,33.10881333333332,-0.6088133333333232,2.0
rf,FRA,2002,train,31.8,32.03543075757557,-0.23543075757556764,2.0
rf,FRA,2003,train,31.4,31.7082666666665,-0.30826666666650127,2.0
rf,FRA,2004,train,30.6,31.136033333333437,-0.5360333333334353,2.0
rf,FRA,2005,train,29.8,30.322249999999876,-0.5222499999998753,2.0
rf,FRA,2006,train,29.7,30.53666025641039,-0.83666025641039,2.0
rf,FRA,2007,train,32.4,32.3375245421244,0.062475457875599716,2.0
rf,FRA,2008,train,33.0,32.817697875457846,0.18230212454215433,2.0
rf,FRA,2009,train,32.7,32.99347619047639,-0.2934761904763903,2.0
rf,FRA,2010,train,33.7,33.38795619047637,0.31204380952362953,2.0
rf,FRA,2011,train,33.3,33.113305494505354,0.18669450549464273,2.0
rf,FRA,2012,train,33.1,33.03823714285728,0.06176285714272467,2.0
rf,FRA,2013,train,32.5,32.53326095238095,-0.033260952380949504,2.0
rf,FRA,2014,train,32.3,32.3622609523808,-0.06226095238080376,2.0
rf,FRA,2015,train,32.7,32.53853787545804,0.16146212454196274,2.0
rf,FRA,2016,train,31.9,32.04379666666656,-0.1437966666665602,2.0
rf,FRA,2017,train,31.6,31.859650000000126,-0.25965000000012495,2.0
rf,FRA,2018,train,32.4,32.121428571428446,0.2785714285715528,2.0
rf,FSM,2005,train,42.4,41.27720000000005,1.1227999999999483,
rf,GBR,2000,train,38.9,37.700535714285685,1.1994642857143134,2.0
rf,GBR,2001,train,37.1,36.487292857142904,0.6127071428570972,2.0
rf,GBR,2002,train,35.1,35.15718638801818,-0.05718638801818088,2.0
rf,GBR,2003,train,34.9,34.95388244862408,-0.05388244862407987,2.0
rf,GBR,2004,train,34.8,34.92318972582953,-0.12318972582953336,2.0
rf,GBR,2005,train,35.5,35.12362909090906,0.3763709090909373,2.0
rf,GBR,2006,train,35.9,35.44031212454202,0.4596878754579805,2.0
rf,GBR,2007,train,34.4,34.58089999999988,-0.18089999999988038,2.0
rf,GBR,2008,train,35.4,35.01418831501823,0.38581168498176766,2.0
rf,GBR,2009,train,35.1,34.57453181818197,0.5254681818180345,2.0
rf,GBR,2010,train,33.7,33.55345761904785,0.14654238095215533,2.0
rf,GBR,2011,train,33.2,33.49017666666691,-0.290176666666909,2.0
rf,GBR,2012,train,33.1,33.36615000000019,-0.26615000000018796,2.0
rf,GBR,2013,train,32.7,32.90225476190497,-0.2022547619049675,2.0
rf,GBR,2014,train,33.1,33.08596285714299,0.014037142857013407,2.0
rf,GBR,2015,train,33.3,33.274327142857004,0.025672857142993166,2.0
rf,GBR,2017,train,32.6,32.957590317460514,-0.35759031746051306,2.0
rf,GBR,2018,train,33.7,33.267288888889134,0.43271111111086924,2.0
rf,GEO,2000,train,40.5,39.49060000000006,1.0093999999999426,2.0
rf,GEO,2001,train,39.6,38.800971428571465,0.7990285714285363,2.0
rf,GEO,2002,train,37.2,37.03797142857168,0.16202857142832272,2.0
rf,GEO,2003,train,36.6,36.616700000000066,-0.016700000000064108,2.0
rf,GEO,2004,train,36.2,36.25343809523833,-0.05343809523832732,2.0
rf,GEO,2005,train,37.4,36.45803809523807,0.9419619047619321,2.0
rf,GEO,2006,train,36.9,36.340566666666604,0.559433333333395,2.0
rf,GEO,2007,train,38.1,37.130480952381,0.9695190476190021,2.0
rf,GEO,2008,train,38.5,37.697297101449315,0.8027028985506846,2.0
rf,GEO,2009,train,38.2,37.50541043478284,0.6945895652171643,2.0
rf,GEO,2013,train,38.6,38.10021333333335,0.49978666666665106,2.0
rf,GEO,2014,train,37.6,37.4664180952381,0.133581904761904,2.0
rf,GEO,2015,train,36.5,36.78413555555552,-0.2841355555555225,2.0
rf,GEO,2016,train,36.6,36.79478984126989,-0.19478984126988763,2.0
rf,GEO,2017,train,37.9,37.176553809523774,0.7234461904762242,2.0
rf,GEO,2018,train,36.4,36.47406222222216,-0.0740622222221603,2.0
rf,GHA,2005,train,42.8,40.99119999999982,1.8088000000001756,0.0
rf,GHA,2012,train,42.4,41.49990000000006,0.900099999999938,0.0
rf,GHA,2016,train,43.5,41.98962857142858,1.5103714285714176,0.0
rf,GIN,1991,train,45.6,45.16395555555539,0.43604444444461166,0.0
rf,GIN,1994,train,46.1,44.971755555555404,1.1282444444445971,0.0
rf,GIN,2002,train,43.0,42.73879999999995,0.26120000000005206,0.0
rf,GIN,2012,train,33.7,35.66816666666689,-1.9681666666668889,0.0
rf,GMB,2010,train,43.6,42.914499999999876,0.6855000000001255,0.0
rf,GRC,2000,train,34.4,35.150378848890476,-0.7503788488904775,2.0
rf,GRC,2002,train,35.5,35.112979836791524,0.38702016320847576,2.0
rf,GRC,2003,train,32.8,33.94721436781593,-1.147214367815934,2.0
rf,GRC,2004,train,33.6,34.11210433601496,-0.5121043360149571,2.0
rf,GRC,2005,train,34.6,34.59766366720102,0.00233633279898271,2.0
rf,GRC,2006,train,35.1,34.88863771482007,0.2113622851799306,2.0
rf,GRC,2007,train,34.0,34.389862311334596,-0.38986231133459626,2.0
rf,GRC,2010,train,34.1,34.39545287081348,-0.2954528708134774,2.0
rf,GRC,2011,train,34.8,34.78646922275625,0.013530777243744296,2.0
rf,GRC,2012,train,36.3,35.869382886557666,0.4306171134423309,2.0
rf,GRC,2013,train,36.1,36.00715384615386,0.09284615384613915,2.0
rf,GRC,2014,train,35.8,35.832230036629824,-0.032230036629826486,2.0
rf,GRC,2015,train,36.0,35.80305670329667,0.19694329670333133,2.0
rf,GRC,2016,train,35.0,35.18467329059824,-0.18467329059824067,2.0
rf,GRC,2017,train,34.4,34.70826255719967,-0.30826255719966866,2.0
rf,GRC,2018,train,32.9,33.623194988861535,-0.7231949888615361,2.0
rf,GRD,2018,train,43.8,42.11301397849438,1.6869860215056178,1.0
rf,GTM,1998,train,49.4,49.201761904762165,0.19823809523783353,1.0
rf,GTM,2000,train,54.2,51.51573571428608,2.6842642857139225,1.0
rf,GTM,2006,train,54.5,52.10440119047619,2.395598809523811,1.0
rf,GTM,2014,train,48.3,48.773457460317196,-0.47345746031719926,1.0
rf,HND,1991,train,51.8,48.920914285714034,2.8790857142859636,1.0
rf,HND,1993,train,53.4,49.75661571428588,3.64338428571412,1.0
rf,HND,2006,train,57.5,55.15796666666663,2.3420333333333687,1.0
rf,HND,2007,train,55.8,54.89518495726467,0.9048150427353292,1.0
rf,HND,2008,train,55.5,53.91665333333324,1.5833466666667633,1.0
rf,HND,2010,train,53.1,51.46385636363616,1.6361436363638404,1.0
rf,HND,2011,train,52.6,51.61351267390485,0.9864873260951512,1.0
rf,HND,2012,train,53.4,52.28989648342904,1.110103516570959,1.0
rf,HND,2013,train,50.0,50.442553852813894,-0.44255385281389437,1.0
rf,HND,2014,train,49.9,49.941170505050756,-0.04117050505075781,1.0
rf,HND,2015,train,49.2,49.6301933621936,-0.4301933621935987,1.0
rf,HND,2016,train,49.8,49.77996225487944,0.020037745120554007,1.0
rf,HND,2017,train,49.4,49.70724909312926,-0.30724909312926485,1.0
rf,HRV,2001,train,31.1,32.335938768116115,-1.2359387681161138,2.0
rf,HRV,2008,train,33.7,33.4255718462826,0.2744281537174018,2.0
rf,HRV,2009,train,32.6,32.898088888889035,-0.2980888888890334,2.0
rf,HRV,2010,train,32.4,32.60127888888876,-0.20127888888875844,2.0
rf,HRV,2011,train,32.3,32.541744343434154,-0.2417443434341564,2.0
rf,HRV,2012,train,32.5,32.472937676767664,0.027062323232335928,2.0
rf,HRV,2013,train,32.0,32.07730434343436,-0.07730434343436343,2.0
rf,HRV,2014,train,32.1,32.06646545454561,0.03353454545439405,2.0
rf,HRV,2015,train,31.1,31.346720000000154,-0.2467200000001526,2.0
rf,HRV,2016,train,30.9,31.179319999999866,-0.279319999999867,2.0
rf,HRV,2017,train,30.4,30.79781999999986,-0.39781999999986084,2.0
rf,HRV,2018,train,29.7,30.398150000000154,-0.6981500000001546,2.0
rf,HUN,2001,train,26.9,28.67029999999982,-1.7702999999998212,2.0
rf,HUN,2002,train,26.8,28.4732999999998,-1.6732999999997986,2.0
rf,HUN,2003,train,30.9,30.723716666666462,0.17628333333353652,2.0
rf,HUN,2004,train,29.9,30.228206666666487,-0.3282066666664889,2.0
rf,HUN,2005,train,34.7,33.02453333333348,1.675466666666523,2.0
rf,HUN,2006,train,28.3,29.010199999999823,-0.7101999999998228,2.0
rf,HUN,2007,train,27.9,28.355598996655353,-0.45559899665535397,2.0
rf,HUN,2008,train,27.5,28.31754899665547,-0.8175489966554714,2.0
rf,HUN,2009,train,27.0,28.151717692307674,-1.151717692307674,2.0
rf,HUN,2010,train,29.4,29.363449999999844,0.036550000000154625,2.0
rf,HUN,2011,train,29.2,29.64214285714299,-0.44214285714298995,2.0
rf,HUN,2012,train,30.8,30.463342857142695,0.3366571428573053,2.0
rf,HUN,2013,train,31.5,31.188019999999973,0.3119800000000268,2.0
rf,HUN,2014,train,30.9,30.735266666666476,0.16473333333352258,2.0
rf,HUN,2015,train,30.4,30.265314285714087,0.13468571428591147,2.0
rf,HUN,2016,train,30.3,30.31081428571409,-0.010814285714090488,2.0
rf,HUN,2017,train,30.6,30.515666666666775,0.08433333333322679,2.0
rf,IDN,1990,train,31.1,31.720400000000133,-0.6204000000001315,1.0
rf,IDN,1993,train,31.8,32.81079999999984,-1.0107999999998363,1.0
rf,IDN,1996,train,34.2,33.25820000000015,0.9417999999998514,1.0
rf,IDN,1998,train,30.9,32.48819999999982,-1.5881999999998229,1.0
rf,IDN,1999,train,30.8,31.352799999999817,-0.5527999999998165,1.0
rf,IDN,2000,train,30.3,30.93339999999984,-0.6333999999998383,1.0
rf,IDN,2001,train,31.2,31.220400000000147,-0.020400000000147855,1.0
rf,IDN,2002,train,30.2,31.038000000000178,-0.8380000000001786,1.0
rf,IDN,2003,train,29.3,30.444666666666468,-1.1446666666664669,1.0
rf,IDN,2004,train,30.4,30.998799999999815,-0.5987999999998159,1.0
rf,IDN,2005,train,29.9,31.44159999999983,-1.541599999999832,1.0
rf,IDN,2006,train,31.5,32.831,-1.331000000000003,1.0
rf,IDN,2007,train,33.2,33.482600000000204,-0.28260000000020113,1.0
rf,IDN,2008,train,32.6,32.915000000000184,-0.31500000000018247,1.0
rf,IDN,2009,train,33.4,33.832799999999885,-0.4327999999998866,1.0
rf,IDN,2010,train,34.6,35.26932000000006,-0.6693200000000559,1.0
rf,IDN,2011,train,37.9,37.27251999999999,0.6274800000000056,1.0
rf,IDN,2012,train,37.1,37.55177142857144,-0.4517714285714405,1.0
rf,IDN,2013,train,38.9,38.79296714285705,0.10703285714294708,1.0
rf,IDN,2014,train,38.8,38.76236714285694,0.037632857143059084,1.0
rf,IDN,2015,train,38.2,38.21154285714306,-0.011542857143055585,1.0
rf,IDN,2016,train,36.9,37.551248351648354,-0.6512483516483556,1.0
rf,IDN,2017,train,36.4,37.30207692307685,-0.902076923076848,1.0
rf,IDN,2018,train,36.3,37.268107568237994,-0.9681075682379969,1.0
rf,IND,1993,train,26.1,28.81120000000019,-2.71120000000019,0.0
rf,IND,2004,train,27.7,29.32580000000016,-1.6258000000001616,0.0
rf,IND,2009,train,27.8,29.192399999999814,-1.3923999999998138,0.0
rf,IND,2011,train,28.8,29.805999999999838,-1.0059999999998368,0.0
rf,IRL,2002,train,32.3,32.23419999999983,0.06580000000016639,2.0
rf,IRL,2003,train,32.9,32.78807499999984,0.1119250000001557,2.0
rf,IRL,2004,train,33.6,33.11577500000009,0.48422499999990976,2.0
rf,IRL,2005,train,33.8,33.22366571428556,0.576334285714438,2.0
rf,IRL,2006,train,32.7,32.60151071428584,0.09848928571416593,2.0
rf,IRL,2007,train,31.9,31.939266666666498,-0.03926666666649936,2.0
rf,IRL,2008,train,30.9,31.005941666666526,-0.10594166666652782,2.0
rf,IRL,2009,train,32.7,32.371800000000135,0.3281999999998675,2.0
rf,IRL,2010,train,32.3,32.35899999999987,-0.0589999999998696,2.0
rf,IRL,2011,train,32.9,32.60919999999985,0.2908000000001465,2.0
rf,IRL,2012,train,33.2,32.78820000000015,0.4117999999998503,2.0
rf,IRL,2014,train,31.9,32.192466666666476,-0.2924666666664777,2.0
rf,IRL,2015,train,31.8,31.844657142856914,-0.04465714285691291,2.0
rf,IRL,2016,train,32.8,32.29795714285691,0.5020428571430884,2.0
rf,IRL,2017,train,31.4,31.414457142856964,-0.014457142856965532,2.0
rf,IRL,2018,train,30.6,30.872133333333437,-0.2721333333334357,2.0
rf,IRN,1990,train,43.6,44.34502222222208,-0.7450222222220759,1.0
rf,IRN,1994,train,43.0,42.744647619047626,0.2553523809523739,1.0
rf,IRN,2005,train,43.6,42.922142857142724,0.6778571428572775,1.0
rf,IRN,2006,train,44.8,43.04744285714262,1.752557142857377,1.0
rf,IRN,2009,train,42.1,41.606759999999895,0.4932400000001067,1.0
rf,IRN,2011,train,34.7,36.555700000000186,-1.8557000000001835,1.0
rf,IRN,2012,train,34.4,35.45539999999992,-1.0553999999999206,1.0
rf,IRN,2013,train,34.0,35.32579999999993,-1.32579999999993,1.0
rf,IRN,2014,train,34.8,35.54711666666645,-0.7471166666664502,1.0
rf,IRN,2015,train,35.3,36.23299999999976,-0.9329999999997654,1.0
rf,IRN,2016,train,35.9,36.65409999999994,-0.7540999999999443,1.0
rf,IRN,2017,train,36.7,36.87750000000018,-0.17750000000017963,1.0
rf,ISL,2003,train,26.8,28.0476428571427,-1.2476428571427007,2.0
rf,ISL,2004,train,28.0,28.44814166666668,-0.4481416666666789,2.0
rf,ISL,2005,train,29.0,28.8712,0.12879999999999825,2.0
rf,ISL,2006,train,30.2,29.913000000000167,0.28699999999983206,2.0
rf,ISL,2007,train,29.5,29.517800000000012,-0.017800000000011806,2.0
rf,ISL,2008,train,31.8,30.67319999999989,1.1268000000001095,2.0
rf,ISL,2009,train,28.7,28.895933333333492,-0.1959333333334925,2.0
rf,ISL,2010,train,26.2,26.88338888888903,-0.6833888888890307,2.0
rf,ISL,2011,train,26.8,26.96865555555544,-0.1686555555554392,2.0
rf,ISL,2012,train,26.8,26.936322222222056,-0.1363222222220557,2.0
rf,ISL,2013,train,25.4,26.009122222222036,-0.6091222222220374,2.0
rf,ISL,2014,train,27.8,27.24336746031728,0.5566325396827203,2.0
rf,ISL,2015,train,26.8,27.01549523809508,-0.2154952380950803,2.0
rf,ISL,2016,train,27.2,27.35460857142876,-0.15460857142875994,2.0
rf,ISL,2017,train,26.1,26.62501333333351,-0.5250133333335079,2.0
rf,ISL,2018,train,26.6,26.817650000000178,-0.21765000000017665,2.0
rf,ISR,2001,train,38.9,38.98800000000003,-0.08800000000002939,2.0
rf,ISR,2002,train,39.6,39.152199999999986,0.4478000000000151,2.0
rf,ISR,2003,train,40.7,40.10820000000024,0.5917999999997647,2.0
rf,ISR,2004,train,41.5,40.53399999999999,0.9660000000000082,2.0
rf,ISR,2005,train,42.3,41.105045714285446,1.1949542857145516,2.0
rf,ISR,2006,train,41.6,40.75795999999989,0.8420400000001109,2.0
rf,ISR,2007,train,41.1,39.87269999999994,1.2273000000000636,2.0
rf,ISR,2008,train,41.6,40.63653333333324,0.9634666666667613,2.0
rf,ISR,2009,train,42.6,42.02159999999989,0.5784000000001086,2.0
rf,ISR,2010,train,42.6,41.78419999999989,0.8158000000001095,2.0
rf,ISR,2011,train,41.5,40.74173333333329,0.7582666666667066,2.0
rf,ISR,2012,train,41.3,39.890299999999755,1.4097000000002424,2.0
rf,ISR,2013,train,39.9,39.72979999999997,0.17020000000002966,2.0
rf,ISR,2014,train,39.8,39.57219999999983,0.22780000000016543,2.0
rf,ISR,2015,train,39.7,39.527800000000184,0.17219999999981894,2.0
rf,ISR,2016,train,39.0,38.72360000000005,0.2763999999999527,2.0
rf,ISR,2017,train,38.2,38.229400000000204,-0.029400000000201487,2.0
rf,ISR,2018,train,38.6,38.16260000000005,0.43739999999995405,2.0
rf,ITA,2002,train,34.7,34.83366000000016,-0.13366000000015532,2.0
rf,ITA,2003,train,34.9,34.74744571428561,0.15255428571438756,2.0
rf,ITA,2004,train,34.3,34.29957428571408,0.00042571428591742233,2.0
rf,ITA,2005,train,33.8,33.97811714285691,-0.17811714285691238,2.0
rf,ITA,2006,train,33.7,33.68839333333346,0.01160666666654464,2.0
rf,ITA,2007,train,32.9,33.25891398601385,-0.35891398601385305,2.0
rf,ITA,2008,train,33.8,34.057979981772405,-0.257979981772408,2.0
rf,ITA,2009,train,33.8,34.25282907268151,-0.45282907268151007,2.0
rf,ITA,2010,train,34.7,34.576204789704335,0.12379521029566831,2.0
rf,ITA,2011,train,35.1,34.858566413080865,0.2414335869191362,2.0
rf,ITA,2012,train,35.2,35.15081425190881,0.04918574809119036,2.0
rf,ITA,2013,train,34.9,34.960627095088775,-0.06062709508877617,2.0
rf,ITA,2014,train,34.7,34.865509830131714,-0.16550983013171106,2.0
rf,ITA,2015,train,35.4,35.24303035409034,0.1569696459096619,2.0
rf,ITA,2016,train,35.2,35.17650582306603,0.02349417693397271,2.0
rf,ITA,2017,train,35.9,35.55333219998394,0.346667800016057,2.0
rf,ITA,2018,train,35.2,35.077139270223824,0.12286072977617835,2.0
rf,JAM,1993,train,35.7,40.3520561403511,-4.6520561403511,1.0
rf,JAM,1999,train,44.1,44.527345792365345,-0.42734579236534387,1.0
rf,JAM,2002,train,48.3,46.66595523680971,1.634044763190289,1.0
rf,JAM,2004,train,45.5,44.81799555555549,0.6820044444445088,1.0
rf,JAM,2018,train,35.3,37.80040031746008,-2.500400317460084,1.0
rf,JOR,1992,train,43.1,44.25739999999984,-1.1573999999998392,2.0
rf,JOR,2002,train,37.0,38.5986,-1.5985999999999976,2.0
rf,JOR,2006,train,33.9,36.11539999999994,-2.2153999999999385,2.0
rf,JOR,2008,train,32.6,34.04900000000015,-1.4490000000001473,2.0
rf,JOR,2010,train,33.7,34.65086666666687,-0.9508666666668688,2.0
rf,JPN,2013,train,31.5,31.807399999999955,-0.30739999999995504,2.0
rf,JPN,2014,train,31.3,31.74599999999984,-0.4459999999998381,2.0
rf,JPN,2015,train,30.7,31.153200000000094,-0.45320000000009486,2.0
rf,JPN,2016,train,31.8,31.91639999999979,-0.11639999999978912,2.0
rf,JPN,2017,train,31.8,32.01959999999976,-0.21959999999976176,2.0
rf,JPN,2018,train,32.9,32.541199999999826,0.35880000000017276,2.0
rf,KAZ,1993,train,32.7,35.597444444444655,-2.897444444444652,2.0
rf,KAZ,2006,train,30.2,30.956440000000168,-0.7564400000001683,2.0
rf,KAZ,2010,train,28.0,29.021580000000036,-1.0215800000000357,2.0
rf,KAZ,2011,train,28.0,28.487771304347866,-0.4877713043478664,2.0
rf,KAZ,2012,train,28.2,28.781580828157523,-0.5815808281575237,2.0
rf,KAZ,2013,train,27.1,28.084399875776555,-0.9843998757765533,2.0
rf,KAZ,2014,train,27.0,27.512622857142887,-0.5126228571428868,2.0
rf,KAZ,2015,train,26.8,28.216999999999878,-1.4169999999998772,2.0
rf,KAZ,2016,train,27.2,27.893828571428696,-0.6938285714286963,2.0
rf,KAZ,2017,train,27.5,28.368999999999986,-0.8689999999999856,2.0
rf,KAZ,2018,train,27.8,28.97847999999985,-1.1784799999998476,2.0
rf,KEN,2005,train,46.4,44.03411111111121,2.36588888888879,0.0
rf,KEN,2015,train,40.8,40.840338095237875,-0.040338095237878235,0.0
rf,KGZ,2000,train,31.0,31.463600000000003,-0.4636000000000031,1.0
rf,KGZ,2001,train,30.2,31.141800000000185,-0.9418000000001854,1.0
rf,KGZ,2002,train,30.3,30.954799999999853,-0.6547999999998524,1.0
rf,KGZ,2003,train,28.7,30.113360000000142,-1.413360000000143,1.0
rf,KGZ,2004,train,34.8,33.897533333333136,0.9024666666668608,1.0
rf,KGZ,2005,train,32.6,33.49816000000007,-0.8981600000000682,1.0
rf,KGZ,2006,train,37.4,35.78099999999993,1.6190000000000708,1.0
rf,KGZ,2007,train,33.9,33.97479999999986,-0.0747999999998612,1.0
rf,KGZ,2009,train,29.9,30.958759999999828,-1.058759999999829,1.0
rf,KGZ,2010,train,30.1,30.1846400000001,-0.08464000000009975,1.0
rf,KGZ,2011,train,27.8,28.767439999999848,-0.9674399999998471,1.0
rf,KGZ,2012,train,27.4,28.49879999999979,-1.098799999999791,1.0
rf,KGZ,2013,train,28.8,28.667699999999805,0.13230000000019615,1.0
rf,KGZ,2014,train,26.8,27.622191304347663,-0.8221913043476619,1.0
rf,KGZ,2015,train,29.0,28.709951304347772,0.2900486956522279,1.0
rf,KGZ,2016,train,26.8,27.441084637681016,-0.6410846376810149,1.0
rf,KGZ,2017,train,27.3,27.7988151138715,-0.4988151138714976,1.0
rf,KGZ,2018,train,27.7,28.175791304347904,-0.4757913043479043,1.0
rf,KIR,2006,train,37.0,38.252999999999986,-1.252999999999986,
rf,KOR,2006,train,31.7,32.55116888888907,-0.8511688888890738,2.0
rf,KOR,2008,train,32.3,32.472222222222044,-0.17222222222204664,2.0
rf,KOR,2010,train,32.0,31.843813333333376,0.15618666666662406,2.0
rf,KOR,2012,train,31.6,31.54805714285732,0.051942857142680765,2.0
rf,KOR,2014,train,31.2,31.92785714285735,-0.7278571428573493,2.0
rf,KOR,2016,train,35.2,34.590550000000235,0.609449999999768,2.0
rf,KOR,2017,train,34.9,34.42577192982452,0.47422807017547797,2.0
rf,KOR,2018,train,33.7,33.80498859649142,-0.10498859649141679,2.0
rf,LAO,1992,train,34.3,36.179866666666484,-1.8798666666664872,0.0
rf,LAO,1997,train,34.9,38.20713333333336,-3.3071333333333612,0.0
rf,LAO,2002,train,32.6,34.295666666666804,-1.6956666666668028,0.0
rf,LAO,2007,train,35.4,36.281099999999924,-0.8810999999999254,0.0
rf,LAO,2012,train,36.0,36.46495000000001,-0.46495000000000886,0.0
rf,LAO,2018,train,38.8,38.847299999999805,-0.04729999999980805,0.0
rf,LBN,2011,train,31.8,37.608374999999725,-5.8083749999997245,2.0
rf,LBR,2014,train,33.2,35.7845666666669,-2.5845666666668947,0.0
rf,LCA,2015,train,43.7,42.90460000000025,0.7953999999997521,1.0
rf,LKA,1990,train,32.4,34.672099999999894,-2.272099999999895,1.0
rf,LKA,1995,train,35.4,36.060399999999916,-0.6603999999999175,1.0
rf,LKA,2012,train,38.7,37.13974285714307,1.5602571428569334,1.0
rf,LKA,2016,train,39.3,38.5009999999998,0.7990000000001984,1.0
rf,LSO,1994,train,63.0,56.80275000000005,6.197249999999947,1.0
rf,LSO,2002,train,51.2,50.76092333333364,0.43907666666635947,1.0
rf,LSO,2017,train,44.9,47.67660000000011,-2.7766000000001085,1.0
rf,LTU,2001,train,32.0,32.50195333333331,-0.5019533333333115,2.0
rf,LTU,2002,train,31.9,32.800621190476036,-0.9006211904760377,2.0
rf,LTU,2003,train,35.5,35.069010927499875,0.4309890725001253,2.0
rf,LTU,2004,train,37.0,35.925587218045074,1.0744127819549263,2.0
rf,LTU,2005,train,35.3,34.86821486510373,0.43178513489626624,2.0
rf,LTU,2006,train,34.4,33.84436607142843,0.5556339285715666,2.0
rf,LTU,2007,train,34.8,34.276165733451066,0.5238342665489313,2.0
rf,LTU,2008,train,35.7,34.82619000000018,0.8738099999998212,2.0
rf,LTU,2009,train,37.2,35.959490834246914,1.240509165753089,2.0
rf,LTU,2010,train,33.6,33.82683310606073,-0.22683310606073093,2.0
rf,LTU,2011,train,32.5,32.849483603896125,-0.3494836038961253,2.0
rf,LTU,2012,train,35.1,34.30516178571438,0.794838214285619,2.0
rf,LTU,2013,train,35.3,35.187747499999816,0.1122525000001815,2.0
rf,LTU,2014,train,37.7,36.77946299783569,0.9205370021643162,2.0
rf,LTU,2015,train,37.4,36.43559476190474,0.9644052380952601,2.0
rf,LTU,2016,train,38.4,37.258613333333315,1.1413866666666834,2.0
rf,LTU,2017,train,37.3,36.429152380952246,0.8708476190477512,2.0
rf,LTU,2018,train,35.7,35.22527857142876,0.4747214285712431,2.0
rf,LUX,2001,train,30.9,30.834599999999888,0.06540000000011048,2.0
rf,LUX,2002,train,31.1,30.85790000000021,0.24209999999979104,2.0
rf,LUX,2003,train,30.2,30.381200000000224,-0.1812000000002243,2.0
rf,LUX,2004,train,30.2,30.45449000000018,-0.25449000000018174,2.0
rf,LUX,2005,train,30.8,30.706287619047494,0.09371238095250689,2.0
rf,LUX,2006,train,30.9,30.905683333333194,-0.005683333333195151,2.0
rf,LUX,2007,train,31.1,31.068400000000125,0.031599999999876616,2.0
rf,LUX,2008,train,32.6,32.07028761904778,0.5297123809522191,2.0
rf,LUX,2010,train,30.5,31.21744761904764,-0.7174476190476398,2.0
rf,LUX,2011,train,32.1,32.27209333333348,-0.17209333333347843,2.0
rf,LUX,2012,train,34.3,33.44379999999987,0.8562000000001291,2.0
rf,LUX,2013,train,32.0,32.36601999999998,-0.3660199999999776,2.0
rf,LUX,2014,train,31.2,31.758880000000165,-0.5588800000001655,2.0
rf,LUX,2015,train,32.9,32.821039999999876,0.07896000000012293,2.0
rf,LUX,2016,train,31.7,32.20350000000013,-0.503500000000134,2.0
rf,LUX,2017,train,34.5,34.097,0.4029999999999987,2.0
rf,LUX,2018,train,35.4,34.57779999999992,0.8222000000000804,2.0
rf,LVA,2002,train,35.1,35.31330390968512,-0.21330390968511637,2.0
rf,LVA,2003,train,36.5,35.915027504456305,0.5849724955436955,2.0
rf,LVA,2004,train,36.4,36.315689871919695,0.08431012808030403,2.0
rf,LVA,2005,train,39.0,37.80249399159662,1.19750600840338,2.0
rf,LVA,2006,train,35.6,36.01700481325871,-0.417004813258707,2.0
rf,LVA,2007,train,37.5,36.39121565826332,1.1087843417366798,2.0
rf,LVA,2008,train,37.2,36.502688515406376,0.6973114845936266,2.0
rf,LVA,2009,train,35.9,36.13298462934621,-0.23298462934621256,2.0
rf,LVA,2010,train,35.0,35.39860112011602,-0.39860112011601956,2.0
rf,LVA,2011,train,35.8,35.74437658739365,0.0556234126063444,2.0
rf,LVA,2012,train,35.2,35.222101677489334,-0.02210167748933145,2.0
rf,LVA,2013,train,35.5,35.18322501803755,0.31677498196245324,2.0
rf,LVA,2014,train,35.1,34.90490557632994,0.19509442367006358,2.0
rf,LVA,2015,train,34.2,34.368801131885554,-0.16880113188555157,2.0
rf,LVA,2016,train,34.3,34.47666398902806,-0.17666398902806435,2.0
rf,LVA,2017,train,35.6,35.27178858225119,0.32821141774881113,2.0
rf,LVA,2018,train,35.1,34.957170746753356,0.14282925324664575,2.0
rf,MAR,1990,train,39.2,40.383421428571666,-1.1834214285716627,1.0
rf,MAR,1998,train,39.4,39.99511666666664,-0.595116666666641,1.0
rf,MAR,2000,train,40.6,41.74786666666661,-1.1478666666666086,1.0
rf,MAR,2006,train,40.7,42.055906666666885,-1.3559066666668826,1.0
rf,MDA,2010,train,32.1,31.737500000000214,0.36249999999978755,1.0
rf,MDA,2011,train,30.6,30.314400000000195,0.2855999999998069,1.0
rf,MDA,2012,train,29.2,29.518200000000174,-0.318200000000175,1.0
rf,MDA,2013,train,28.5,28.769000000000027,-0.2690000000000268,1.0
rf,MDA,2014,train,26.8,27.193991304347676,-0.3939913043476757,1.0
rf,MDA,2015,train,27.0,27.148428571428507,-0.14842857142850718,1.0
rf,MDA,2016,train,26.3,26.73945797101431,-0.43945797101430983,1.0
rf,MDA,2017,train,25.9,26.741151304347664,-0.8411513043476653,1.0
rf,MDA,2018,train,25.7,26.94800844720508,-1.2480084472050805,1.0
rf,MDG,2005,train,39.9,40.64740000000009,-0.7474000000000913,0.0
rf,MDG,2012,train,42.6,41.83736694677863,0.7626330532213714,0.0
rf,MDV,2002,train,41.3,43.53521666666641,-2.2352166666664104,1.0
rf,MDV,2016,train,31.3,36.37319999999976,-5.073199999999762,1.0
rf,MEX,2000,train,53.4,50.788600000000194,2.6113999999998043,2.0
rf,MEX,2002,train,50.6,50.16029666444644,0.4397033355535598,2.0
rf,MEX,2004,train,50.3,50.20718030802509,0.0928196919749098,2.0
rf,MEX,2005,train,50.9,50.350376022311195,0.5496239776888032,2.0
rf,MEX,2006,train,49.7,49.74013831668353,-0.04013831668352452,2.0
rf,MEX,2008,train,50.8,50.09793926906403,0.702060730935969,2.0
rf,MEX,2010,train,47.7,48.17003199633723,-0.4700319963372266,2.0
rf,MEX,2012,train,49.6,48.953031349206235,0.6469686507937666,2.0
rf,MEX,2014,train,48.9,48.569518015873186,0.33048198412681273,2.0
rf,MEX,2016,train,46.9,46.55292932900444,0.34707067099555644,2.0
rf,MEX,2018,train,46.0,45.96468710678211,0.03531289321789188,2.0
rf,MKD,1998,train,28.1,33.663600000000145,-5.563600000000143,1.0
rf,MKD,2000,train,34.3,36.94199999999979,-2.64199999999979,1.0
rf,MKD,2002,train,38.5,38.364353968253994,0.1356460317460062,1.0
rf,MKD,2003,train,38.7,38.52356396825418,0.17643603174582267,1.0
rf,MKD,2004,train,38.4,38.429133291925446,-0.029133291925447224,1.0
rf,MKD,2005,train,39.3,39.76279999999977,-0.46279999999977406,1.0
rf,MKD,2008,train,46.1,43.838826268115774,2.2611737318842273,1.0
rf,MKD,2009,train,42.8,41.27455900621092,1.5254409937890756,1.0
rf,MKD,2010,train,40.1,39.555092339544515,0.5449076604554861,1.0
rf,MKD,2012,train,38.1,37.461320910973164,0.6386790890268372,1.0
rf,MKD,2013,train,36.2,36.25774091097336,-0.057740910973357984,1.0
rf,MKD,2014,train,35.2,35.305786666666926,-0.10578666666692271,1.0
rf,MKD,2015,train,35.6,35.416262456140515,0.18373754385948615,1.0
rf,MKD,2017,train,34.2,34.4672200000002,-0.26722000000019364,1.0
rf,MKD,2018,train,33.0,33.86875636363641,-0.8687563636364075,1.0
rf,MLI,1994,train,50.1,46.5303999999999,3.5696000000001007,0.0
rf,MLI,2006,train,38.9,39.01044789915965,-0.11044789915965225,0.0
rf,MLI,2009,train,33.0,35.30733333333329,-2.3073333333332897,0.0
rf,MLI,2018,train,36.0,36.44862647058824,-0.4486264705882377,0.0
rf,MLT,2006,train,28.0,29.280720000000027,-1.2807200000000272,2.0
rf,MLT,2007,train,29.2,29.700647619047775,-0.5006476190477755,2.0
rf,MLT,2008,train,29.0,29.51811428571431,-0.5181142857143115,2.0
rf,MLT,2010,train,29.0,29.3425142857143,-0.34251428571430154,2.0
rf,MLT,2011,train,29.1,29.314647619047726,-0.21464761904772445,2.0
rf,MLT,2012,train,29.4,29.504399999999887,-0.10439999999988814,2.0
rf,MLT,2013,train,28.8,29.148213333333192,-0.3482133333331916,2.0
rf,MLT,2014,train,29.0,29.196879999999954,-0.19687999999995398,2.0
rf,MLT,2015,train,29.4,29.443579999999915,-0.04357999999991691,2.0
rf,MLT,2016,train,29.1,29.383800000000136,-0.2838000000001344,2.0
rf,MLT,2017,train,29.2,29.362133333333524,-0.1621333333335251,2.0
rf,MLT,2018,train,28.7,29.317600000000205,-0.6176000000002055,2.0
rf,MMR,2017,train,30.7,33.44840000000019,-2.748400000000192,0.0
rf,MNE,2005,train,30.2,31.338800000000195,-1.1388000000001952,2.0
rf,MNE,2006,train,30.0,31.41466666666669,-1.4146666666666903,2.0
rf,MNE,2007,train,31.4,31.751199999999837,-0.35119999999983875,2.0
rf,MNE,2008,train,30.5,31.05799999999997,-0.5579999999999714,2.0
rf,MNE,2009,train,31.0,31.3119333333333,-0.3119333333333003,2.0
rf,MNE,2010,train,28.9,30.58593043478244,-1.685930434782442,2.0
rf,MNE,2011,train,30.8,32.47366376811579,-1.6736637681157909,2.0
rf,MNE,2012,train,41.2,38.31546376811611,2.8845362318838923,2.0
rf,MNE,2015,train,39.0,38.319621545893725,0.6803784541062754,2.0
rf,MNE,2016,train,38.5,38.111627101449265,0.38837289855073465,2.0
rf,MNE,2017,train,36.9,37.097396251775976,-0.1973962517759773,2.0
rf,MNE,2018,train,36.8,36.755482918442524,0.04451708155747269,2.0
rf,MNG,1995,train,33.2,35.84480000000018,-2.644800000000174,1.0
rf,MNG,1998,train,30.3,33.43539999999982,-3.135399999999816,1.0
rf,MNG,2002,train,32.9,35.727599999999896,-2.8275999999998973,1.0
rf,MNG,2010,train,33.1,33.834200000000145,-0.7342000000001434,1.0
rf,MNG,2018,train,32.7,32.65828333333356,0.04171666666644569,1.0
rf,MOZ,2002,train,46.9,45.353450793650936,1.546549206349063,0.0
rf,MOZ,2008,train,45.5,44.11029523809527,1.3897047619047314,0.0
rf,MOZ,2014,train,54.0,48.82245714285715,5.1775428571428534,0.0
rf,MRT,1993,train,49.5,45.12600000000008,4.373999999999917,0.0
rf,MRT,1995,train,37.7,38.90340000000027,-1.203400000000265,0.0
rf,MRT,2000,train,39.0,39.42680000000005,-0.4268000000000498,0.0
rf,MRT,2004,train,40.2,40.10980000000024,0.09019999999976136,0.0
rf,MRT,2008,train,35.7,36.436150000000254,-0.7361500000002508,0.0
rf,MRT,2014,train,32.6,35.32133333333343,-2.721333333333426,0.0
rf,MUS,2006,train,35.7,38.17390869565242,-2.473908695652419,1.0
rf,MUS,2012,train,38.5,39.057199999999995,-0.5571999999999946,1.0
rf,MUS,2017,train,36.8,37.5077666666664,-0.7077666666664015,1.0
rf,MWI,2004,train,39.9,41.31890000000011,-1.4189000000001144,0.0
rf,MWI,2010,train,45.5,44.30871904761908,1.1912809523809216,0.0
rf,MWI,2016,train,44.7,43.99666666666694,0.7033333333330631,0.0
rf,MYS,1992,train,47.7,46.42708095238122,1.2729190476187853,1.0
rf,MYS,1995,train,48.5,48.20039772727274,0.29960227272726314,1.0
rf,MYS,1997,train,49.1,48.719735584415346,0.38026441558465507,1.0
rf,MYS,2003,train,46.4,45.97821880952388,0.42178119047611773,1.0
rf,MYS,2006,train,44.8,45.27696777777751,-0.4769677777775101,1.0
rf,MYS,2008,train,45.5,44.99957499999993,0.500425000000071,1.0
rf,MYS,2011,train,43.6,42.86187499999987,0.7381250000001316,1.0
rf,MYS,2013,train,41.3,40.782349999999724,0.5176500000002733,1.0
rf,MYS,2015,train,41.1,40.47424999999991,0.6257500000000888,1.0
rf,MYS,2018,train,41.2,40.936050000000265,0.26394999999973834,1.0
rf,NAM,1993,train,71.1,62.95219999999965,8.147800000000345,1.0
rf,NAM,2003,train,63.3,58.38039999999967,4.9196000000003295,1.0
rf,NAM,2015,train,59.1,53.891676190475884,5.208323809524117,1.0
rf,NER,1992,train,36.0,37.44419999999997,-1.4441999999999666,0.0
rf,NER,2005,train,44.4,42.43460000000006,1.9653999999999385,0.0
rf,NER,2007,train,37.3,37.78999999999977,-0.4899999999997746,0.0
rf,NER,2011,train,31.5,34.13919999999995,-2.6391999999999527,0.0
rf,NER,2014,train,34.3,35.414999999999765,-1.1149999999997675,0.0
rf,NGA,2010,train,35.7,35.86960000000023,-0.16960000000023,0.0
rf,NGA,2012,train,35.5,35.920600000000064,-0.42060000000006426,0.0
rf,NGA,2015,train,35.9,36.65729999999998,-0.7572999999999794,0.0
rf,NGA,2018,train,35.1,36.40860000000006,-1.3086000000000553,0.0
rf,NIC,1993,train,57.1,53.60355634920611,3.4964436507938927,1.0
rf,NIC,1998,train,54.4,51.62479098883597,2.77520901116403,1.0
rf,NIC,2001,train,52.9,51.273027655502624,1.626972344497375,1.0
rf,NIC,2005,train,48.8,48.62946375939829,0.1705362406017059,1.0
rf,NLD,2004,train,29.8,29.70465714285701,0.09534285714299173,2.0
rf,NLD,2005,train,29.0,29.273371428571412,-0.27337142857141217,2.0
rf,NLD,2006,train,30.0,29.59065714285715,0.4093428571428497,2.0
rf,NLD,2007,train,29.6,29.336376190476322,0.26362380952367914,2.0
rf,NLD,2008,train,29.3,28.914770833333222,0.38522916666677887,2.0
rf,NLD,2009,train,27.9,28.04179416666651,-0.1417941666665108,2.0
rf,NLD,2010,train,27.8,27.915490833333163,-0.1154908333331619,2.0
rf,NLD,2011,train,27.8,27.855490906593285,-0.055490906593284706,2.0
rf,NLD,2012,train,27.6,27.809870906593527,-0.20987090659352603,2.0
rf,NLD,2015,train,28.2,28.24305238095257,-0.043052380952570246,2.0
rf,NLD,2016,train,28.2,28.324419047619244,-0.12441904761924505,2.0
rf,NLD,2017,train,28.5,28.616209523809605,-0.11620952380960503,2.0
rf,NLD,2018,train,28.1,28.448085714285895,-0.34808571428589374,2.0
rf,NOR,2003,train,27.6,29.06562619047638,-1.465626190476378,2.0
rf,NOR,2004,train,31.6,30.51458571428591,1.0854142857140907,2.0
rf,NOR,2005,train,30.6,29.76225952380968,0.8377404761903229,2.0
rf,NOR,2006,train,26.4,27.18554444444435,-0.7855444444443513,2.0
rf,NOR,2007,train,27.1,27.262022222222356,-0.16202222222235463,2.0
rf,NOR,2008,train,27.0,27.356177777777802,-0.3561777777778019,2.0
rf,NOR,2009,train,26.2,26.64777090909103,-0.44777090909103023,2.0
rf,NOR,2010,train,25.7,26.166843888889012,-0.46684388888901296,2.0
rf,NOR,2011,train,25.3,25.99390388888881,-0.6939038888888085,2.0
rf,NOR,2012,train,25.7,26.298088888889023,-0.5980888888890235,2.0
rf,NOR,2013,train,26.4,26.526364999999878,-0.12636499999987905,2.0
rf,NOR,2014,train,26.8,26.815414682539537,-0.015414682539535818,2.0
rf,NOR,2015,train,27.5,27.432257539682542,0.0677424603174579,2.0
rf,NOR,2016,train,28.5,28.016826190476202,0.48317380952379807,2.0
rf,NOR,2017,train,27.0,27.282287301587328,-0.28228730158732773,2.0
rf,NOR,2018,train,27.6,27.503570634920777,0.09642936507922428,2.0
rf,NPL,1995,train,35.2,36.48001666666686,-1.2800166666668602,0.0
rf,NPL,2003,train,43.8,41.39399999999979,2.406000000000205,0.0
rf,NPL,2010,train,32.8,36.23299999999979,-3.4329999999997938,0.0
rf,NRU,2012,train,32.4,36.27339999999997,-3.873399999999968,
rf,PAK,1990,train,33.2,33.699400000000225,-0.49940000000022167,0.0
rf,PAK,2004,train,30.9,31.508999999999794,-0.6089999999997957,0.0
rf,PAK,2005,train,31.3,31.32619999999981,-0.02619999999981104,0.0
rf,PAK,2007,train,29.7,31.254800000000113,-1.5548000000001139,0.0
rf,PAK,2010,train,28.8,29.64519999999989,-0.8451999999998883,0.0
rf,PAK,2011,train,29.7,30.03660000000018,-0.33660000000018186,0.0
rf,PAK,2013,train,29.5,30.013600000000014,-0.5136000000000145,0.0
rf,PAK,2015,train,31.3,31.63919999999982,-0.33919999999982053,0.0
rf,PAK,2018,train,29.6,30.643600000000088,-1.0436000000000867,0.0
rf,PAN,1991,train,58.0,54.848112727272685,3.151887272727315,2.0
rf,PAN,1995,train,57.6,56.055912727272386,1.5440872727276158,2.0
rf,PAN,1999,train,56.3,56.063379393939016,0.23662060606098123,2.0
rf,PAN,2000,train,56.6,56.26897939393902,0.3310206060609815,2.0
rf,PAN,2001,train,56.7,56.12027939393957,0.5797206060604339,2.0
rf,PAN,2002,train,56.1,55.078339393939125,1.0216606060608768,2.0
rf,PAN,2004,train,54.8,54.25607111111073,0.543928888889269,2.0
rf,PAN,2005,train,53.8,53.45547333333293,0.3445266666670648,2.0
rf,PAN,2006,train,54.6,53.52715444444416,1.072845555555844,2.0
rf,PAN,2007,train,52.7,52.1700283333336,0.5299716666664054,2.0
rf,PAN,2008,train,52.7,51.89614690476213,0.8038530952378693,2.0
rf,PAN,2009,train,51.8,51.35285357142825,0.4471464285717488,2.0
rf,PAN,2010,train,51.6,50.703459126983866,0.8965408730161357,2.0
rf,PAN,2011,train,51.3,50.68548579365045,0.614514206349547,2.0
rf,PAN,2013,train,51.5,50.59922348484845,0.9007765151515486,2.0
rf,PAN,2014,train,50.5,49.645393913043414,0.8546060869565864,2.0
rf,PAN,2015,train,50.8,49.986033913043215,0.813966086956782,2.0
rf,PAN,2016,train,50.4,47.97995438923413,2.420045610765868,2.0
rf,PAN,2017,train,49.9,48.164163913043666,1.7358360869563327,2.0
rf,PER,1994,train,44.0,46.382748484848406,-2.382748484848406,1.0
rf,PER,1997,train,53.3,52.33643267676731,0.963567323232688,1.0
rf,PER,1998,train,55.1,53.925515858585484,1.174484141414517,1.0
rf,PER,1999,train,54.8,53.699996969696585,1.1000030303034123,1.0
rf,PER,2000,train,49.1,50.54545744588712,-1.445457445887122,1.0
rf,PER,2001,train,51.3,51.304018477633115,-0.004018477633117357,1.0
rf,PER,2002,train,53.6,51.9823548412696,1.6176451587304044,1.0
rf,PER,2003,train,53.1,52.21446117604591,0.8855388239540929,1.0
rf,PER,2004,train,49.9,49.64102172995169,0.25897827004830987,1.0
rf,PER,2005,train,50.4,49.972553325788304,0.42744667421169424,1.0
rf,PER,2006,train,50.3,49.772903042834116,0.527096957165881,1.0
rf,PER,2007,train,50.0,48.943323778765084,1.0566762212349161,1.0
rf,PER,2008,train,47.5,47.639587340723175,-0.1395873407231747,1.0
rf,PER,2009,train,47.0,47.18271812770246,-0.18271812770245788,1.0
rf,PER,2010,train,45.5,45.586316391344965,-0.08631639134496538,1.0
rf,PER,2011,train,44.7,44.798233177554664,-0.09823317755466121,1.0
rf,PER,2012,train,44.4,44.69609388052258,-0.2960938805225837,1.0
rf,PER,2013,train,43.9,44.33673030909399,-0.43673030909398847,1.0
rf,PER,2014,train,43.1,43.39556936088994,-0.29556936088993524,1.0
rf,PER,2015,train,43.4,43.62343920215995,-0.22343920215995183,1.0
rf,PER,2016,train,43.6,43.63065436088983,-0.03065436088982665,1.0
rf,PER,2017,train,43.3,43.260170382395145,0.03982961760485182,1.0
rf,PER,2018,train,42.4,42.424702456140395,-0.024702456140396123,1.0
rf,PHL,1991,train,43.8,41.37043714285692,2.4295628571430754,1.0
rf,PHL,1994,train,42.9,41.58938714285715,1.31061285714285,1.0
rf,PHL,1997,train,46.0,43.84691111111111,2.153088888888888,1.0
rf,PHL,2003,train,46.6,45.25515999999985,1.3448400000001541,1.0
rf,PHL,2006,train,47.2,44.93276000000022,2.2672399999997808,1.0
rf,PHL,2009,train,46.3,43.61939999999976,2.68060000000024,1.0
rf,PHL,2015,train,44.6,44.20144571428559,0.3985542857144111,1.0
rf,PHL,2018,train,42.3,43.40071666666638,-1.1007166666663863,1.0
rf,POL,2001,train,32.8,33.758149126983916,-0.9581491269839191,2.0
rf,POL,2002,train,34.1,34.29447646520151,-0.19447646520151096,2.0
rf,POL,2003,train,34.9,34.866357793703784,0.03364220629621428,2.0
rf,POL,2004,train,38.0,36.821573247694296,1.178426752305704,2.0
rf,POL,2005,train,35.8,35.60104430278286,0.19895569721713713,2.0
rf,POL,2006,train,34.7,34.71208082533427,-0.01208082533426591,2.0
rf,POL,2007,train,34.0,34.01883406204908,-0.018834062049080558,2.0
rf,POL,2008,train,33.5,33.38702074592072,0.11297925407927778,2.0
rf,POL,2009,train,33.4,33.37113529137516,0.028864708624837476,2.0
rf,POL,2010,train,33.2,33.15006503163523,0.049934968364773624,2.0
rf,POL,2011,train,33.2,33.14549344433366,0.054506555666343104,2.0
rf,POL,2012,train,33.0,33.02935344433349,-0.029353444333487744,2.0
rf,POL,2013,train,33.1,33.1282964746366,-0.02829647463659768,2.0
rf,POL,2014,train,32.8,32.58827377622361,0.21172622377638817,2.0
rf,POL,2015,train,31.8,31.61038589743573,0.18961410256427058,2.0
rf,POL,2016,train,31.2,31.177266666666817,0.02273333333318206,2.0
rf,POL,2017,train,29.7,30.598900000000192,-0.898900000000193,2.0
rf,POL,2018,train,30.2,30.69560000000018,-0.4956000000001808,2.0
rf,PRT,2003,train,38.8,38.23879999999976,0.561200000000234,2.0
rf,PRT,2004,train,38.9,38.365599999999965,0.5344000000000335,2.0
rf,PRT,2005,train,38.5,38.17219999999995,0.32780000000005316,2.0
rf,PRT,2006,train,38.1,37.66019999999998,0.4398000000000195,2.0
rf,PRT,2007,train,36.8,36.76126666666645,0.03873333333354623,2.0
rf,PRT,2008,train,36.6,36.4387238095238,0.161276190476201,2.0
rf,PRT,2009,train,34.9,35.44417852813842,-0.5441785281384242,2.0
rf,PRT,2010,train,35.8,35.81633999999977,-0.016339999999772203,2.0
rf,PRT,2011,train,36.3,36.19041474120062,0.10958525879937753,2.0
rf,PRT,2012,train,36.0,35.946414741200826,0.053585258799174085,2.0
rf,PRT,2013,train,36.2,35.994803630089955,0.2051963699100483,2.0
rf,PRT,2014,train,35.6,35.570848074534254,0.029151925465747297,2.0
rf,PRT,2015,train,35.5,35.35208514076299,0.1479148592370123,2.0
rf,PRT,2016,train,35.2,35.07395611384802,0.12604388615198303,2.0
rf,PRT,2017,train,33.8,33.91411952380935,-0.1141195238093502,2.0
rf,PRT,2018,train,33.5,34.27785285714284,-0.7778528571428396,2.0
rf,PRY,1990,train,40.8,42.30579999999976,-1.5057999999997662,1.0
rf,PRY,1995,train,58.1,53.129868070175156,4.970131929824845,1.0
rf,PRY,1997,train,54.9,52.6318467570443,2.268153242955698,1.0
rf,PRY,1999,train,54.6,52.889343026154854,1.710656973845147,1.0
rf,PRY,2001,train,54.6,53.40948827868008,1.190511721319922,1.0
rf,PRY,2002,train,57.3,54.01551571846254,3.284484281537459,1.0
rf,PRY,2003,train,54.9,53.01735866228388,1.882641337716116,1.0
rf,PRY,2004,train,52.3,51.40202326545803,0.8979767345419702,1.0
rf,PRY,2005,train,51.4,51.70590240382018,-0.3059024038201841,1.0
rf,PRY,2006,train,53.0,52.70871706322488,0.29128293677511863,1.0
rf,PRY,2007,train,53.0,52.59236095211378,0.40763904788622085,1.0
rf,PRY,2008,train,50.7,50.68044029600543,0.01955970399457385,1.0
rf,PRY,2009,train,49.1,49.49970402511388,-0.39970402511387704,1.0
rf,PRY,2010,train,51.0,50.83716224461208,0.162837755387919,1.0
rf,PRY,2011,train,52.3,51.175932114159885,1.1240678858401125,1.0
rf,PRY,2012,train,47.6,47.50844315771424,0.09155684228576177,1.0
rf,PRY,2016,train,47.9,47.918872099793845,-0.018872099793846075,1.0
rf,PSE,2004,train,34.0,35.78880000000002,-1.7888000000000233,1.0
rf,PSE,2005,train,34.7,34.95517500000017,-0.2551750000001647,1.0
rf,PSE,2006,train,34.0,34.50800000000001,-0.5080000000000098,1.0
rf,PSE,2007,train,35.6,35.728242857142945,-0.12824285714294348,1.0
rf,PSE,2009,train,34.5,34.92674166666664,-0.4267416666666435,1.0
rf,PSE,2010,train,35.3,35.42750833333313,-0.12750833333313238,1.0
rf,PSE,2011,train,34.4,34.968224999999926,-0.5682249999999271,1.0
rf,PSE,2016,train,33.7,35.71734166666686,-2.0173416666668587,1.0
rf,QAT,2017,train,35.1,34.02300000000012,1.0769999999998845,2.0
rf,ROU,2001,train,29.4,31.542666666666506,-2.142666666666507,1.0
rf,ROU,2002,train,30.2,31.67440000000013,-1.4744000000001307,1.0
rf,ROU,2003,train,29.9,31.037399999999852,-1.1373999999998539,1.0
rf,ROU,2004,train,30.0,31.21199999999998,-1.2119999999999784,1.0
rf,ROU,2005,train,29.8,32.871092857142706,-3.0710928571427054,1.0
rf,ROU,2006,train,39.6,37.82545909090909,1.7745409090909092,1.0
rf,ROU,2007,train,37.5,37.35940000000001,0.14059999999999206,1.0
rf,ROU,2008,train,36.4,35.845899999999936,0.5541000000000622,1.0
rf,ROU,2009,train,35.6,36.03136666666671,-0.43136666666671175,1.0
rf,ROU,2010,train,35.5,35.37268666666666,0.1273133333333405,1.0
rf,ROU,2011,train,35.9,35.702866666666615,0.19713333333338312,1.0
rf,ROU,2012,train,36.5,36.24343333333332,0.2565666666666786,1.0
rf,ROU,2013,train,36.9,36.37679999999996,0.5232000000000383,1.0
rf,ROU,2014,train,36.0,36.06464912280699,-0.06464912280699053,1.0
rf,ROU,2015,train,35.9,35.84782055137836,0.05217944862163648,1.0
rf,ROU,2016,train,34.4,34.68837864661641,-0.2883786466164082,1.0
rf,ROU,2017,train,36.0,35.3910586466165,0.6089413533835,1.0
rf,ROU,2018,train,35.8,35.63565864661633,0.1643413533836693,1.0
rf,RUS,1993,train,45.4,41.99960000000005,3.400399999999948,2.0
rf,RUS,1996,train,46.1,43.150199999999906,2.9498000000000957,2.0
rf,RUS,1997,train,38.4,38.783399999999986,-0.38339999999998753,2.0
rf,RUS,1998,train,38.1,38.08260000000004,0.017399999999959448,2.0
rf,RUS,1999,train,37.4,37.30979999999996,0.09020000000003847,2.0
rf,RUS,2003,train,40.0,39.41539999999997,0.5846000000000302,2.0
rf,RUS,2004,train,40.3,40.262379999999716,0.037620000000281095,2.0
rf,RUS,2005,train,41.3,40.8839999999997,0.41600000000029524,2.0
rf,RUS,2006,train,41.0,41.09259999999991,-0.09259999999991209,2.0
rf,RUS,2007,train,42.3,41.80159999999973,0.49840000000026663,2.0
rf,RUS,2008,train,41.6,41.17939999999988,0.4206000000001211,2.0
rf,RUS,2009,train,39.8,39.678399999999776,0.12160000000022109,2.0
rf,RUS,2011,train,39.7,39.60820000000031,0.09179999999969368,2.0
rf,RUS,2012,train,40.7,39.774400000000284,0.9255999999997186,2.0
rf,RUS,2013,train,40.9,39.52640000000008,1.373599999999918,2.0
rf,RUS,2014,train,36.9,37.39591333333337,-0.4959133333333696,2.0
rf,RUS,2015,train,36.5,37.058113333333374,-0.5581133333333739,2.0
rf,RUS,2016,train,36.7,37.16291333333357,-0.4629133333335673,2.0
rf,RUS,2017,train,35.5,36.09749515151515,-0.5974951515151474,2.0
rf,RUS,2018,train,35.3,35.882181818181586,-0.5821818181815885,2.0
rf,RWA,2000,train,48.5,46.470800000000004,2.029199999999996,0.0
rf,RWA,2005,train,52.0,47.3556,4.644399999999997,0.0
rf,RWA,2010,train,47.2,46.01040000000028,1.1895999999997215,0.0
rf,RWA,2013,train,45.1,44.71399047619043,0.38600952380956954,0.0
rf,RWA,2016,train,43.7,43.24593837535039,0.4540616246496114,0.0
rf,SDN,2009,train,35.4,36.69259999999999,-1.292599999999993,
rf,SDN,2014,train,34.2,36.57935000000023,-2.3793500000002297,
rf,SEN,2001,train,41.2,41.5824034547155,-0.38240345471549375,0.0
rf,SEN,2005,train,39.2,40.29847012138217,-1.0984701213821637,0.0
rf,SEN,2011,train,40.3,41.898571428571216,-1.5985714285712191,0.0
rf,SLB,2005,train,46.1,43.63544444444435,2.4645555555556484,0.0
rf,SLB,2012,train,37.1,38.88299999999999,-1.782999999999987,0.0
rf,SLE,2011,train,34.0,37.12419999999999,-3.1241999999999877,0.0
rf,SLE,2018,train,35.7,36.81715000000023,-1.1171500000002297,0.0
rf,SLV,1991,train,53.8,50.1360063492061,3.6639936507938984,1.0
rf,SLV,1998,train,54.4,52.80231163419924,1.5976883658007566,1.0
rf,SLV,1999,train,52.1,51.23321900793632,0.8667809920636813,1.0
rf,SLV,2000,train,51.5,51.24865578282824,0.2513442171717628,1.0
rf,SLV,2001,train,51.3,50.98736911616138,0.31263088383861515,1.0
rf,SLV,2002,train,51.9,51.294411349206584,0.6055886507934147,1.0
rf,SLV,2003,train,50.4,50.2619053760294,0.13809462397060202,1.0
rf,SLV,2004,train,47.8,48.234407329630955,-0.4344073296309574,1.0
rf,SLV,2005,train,48.5,48.35652595877975,0.14347404122025154,1.0
rf,SLV,2006,train,45.7,46.31776489262399,-0.6177648926239883,1.0
rf,SLV,2007,train,45.2,45.92546586513104,-0.7254658651310351,1.0
rf,SLV,2008,train,46.9,47.404084790094856,-0.5040847900948577,1.0
rf,SLV,2009,train,45.8,45.71164650793625,0.08835349206374588,1.0
rf,SLV,2010,train,43.5,43.99510966895848,-0.4951096689584773,1.0
rf,SLV,2011,train,42.3,43.34083415076127,-1.0408341507612704,1.0
rf,SLV,2012,train,41.8,42.53101568922277,-0.7310156892227724,1.0
rf,SLV,2013,train,43.4,42.53955333333343,0.8604466666665687,1.0
rf,SLV,2014,train,41.6,41.65979999999986,-0.05979999999986063,1.0
rf,SLV,2015,train,40.6,40.483705079365066,0.1162949206349353,1.0
rf,SLV,2016,train,40.0,40.15953047619047,-0.15953047619046856,1.0
rf,SLV,2017,train,38.0,39.279614285714274,-1.279614285714274,1.0
rf,SLV,2018,train,38.6,40.101799999999955,-1.5017999999999532,1.0
rf,SRB,2002,train,32.7,33.886800000000115,-1.1868000000001118,1.0
rf,SRB,2003,train,32.8,33.92579999999982,-1.1257999999998205,1.0
rf,SRB,2004,train,35.5,35.03733333333332,0.4626666666666779,1.0
rf,SRB,2005,train,36.5,35.52031111111114,0.9796888888888589,1.0
rf,SRB,2006,train,29.7,31.776000000000167,-2.0760000000001675,1.0
rf,SRB,2007,train,28.7,30.072261111111267,-1.3722611111112677,1.0
rf,SRB,2008,train,27.6,29.131730434782774,-1.531730434782773,1.0
rf,SRB,2009,train,28.0,30.21100666666666,-2.211006666666659,1.0
rf,SRB,2010,train,29.0,30.657611111111102,-1.6576111111111018,1.0
rf,SRB,2012,train,39.9,37.7370415458937,2.1629584541062954,1.0
rf,SRB,2013,train,39.4,38.00113043478259,1.3988695652174101,1.0
rf,SRB,2014,train,40.4,38.81357329192546,1.5864267080745407,1.0
rf,SRB,2015,train,40.5,38.970088768115914,1.5299112318840855,1.0
rf,SRB,2016,train,38.8,37.66323043478238,1.1367695652176195,1.0
rf,SRB,2017,train,36.1,35.8279042815372,0.27209571846280056,1.0
rf,SRB,2018,train,35.0,35.11820362591261,-0.11820362591260647,1.0
rf,STP,2010,train,30.8,36.82419999999981,-6.024199999999812,1.0
rf,STP,2017,train,40.7,40.95860000000023,-0.25860000000022865,1.0
rf,SVK,2004,train,27.1,28.641200000000133,-1.5412000000001314,2.0
rf,SVK,2005,train,29.3,29.225999999999857,0.07400000000014373,2.0
rf,SVK,2006,train,25.8,26.920833333333217,-1.1208333333332163,2.0
rf,SVK,2007,train,24.7,26.484400000000136,-1.7844000000001365,2.0
rf,SVK,2008,train,26.0,26.553332329988876,-0.5533323299888764,2.0
rf,SVK,2009,train,27.2,28.42900000000018,-1.2290000000001804,2.0
rf,SVK,2010,train,27.3,27.487399999999894,-0.18739999999989365,2.0
rf,SVK,2011,train,26.5,26.770000000000053,-0.27000000000005286,2.0
rf,SVK,2012,train,26.1,26.814000000000174,-0.7140000000001727,2.0
rf,SVK,2013,train,28.1,28.518400000000195,-0.41840000000019373,2.0
rf,SVK,2014,train,26.1,27.21600000000017,-1.1160000000001702,2.0
rf,SVK,2015,train,26.5,26.509800000000045,-0.009800000000044662,2.0
rf,SVK,2016,train,25.2,25.51685714285728,-0.3168571428572804,2.0
rf,SVK,2017,train,23.2,24.61080000000012,-1.410800000000119,2.0
rf,SVK,2018,train,25.0,25.324457142857156,-0.3244571428571561,2.0
rf,SVN,2002,train,29.1,29.515200000000153,-0.41520000000015145,2.0
rf,SVN,2003,train,30.9,29.801799999999833,1.0982000000001655,2.0
rf,SVN,2004,train,24.8,25.659314285714164,-0.8593142857141629,2.0
rf,SVN,2005,train,24.6,25.156200000000123,-0.5562000000001213,2.0
rf,SVN,2006,train,24.4,24.753799999999842,-0.35379999999984335,2.0
rf,SVN,2007,train,24.4,24.90859999999987,-0.5085999999998698,2.0
rf,SVN,2008,train,23.7,24.557400000000055,-0.8574000000000552,2.0
rf,SVN,2009,train,24.8,25.29139999999987,-0.49139999999987083,2.0
rf,SVN,2010,train,24.9,25.11099999999983,-0.21099999999983154,2.0
rf,SVN,2011,train,24.9,25.056999999999846,-0.15699999999984726,2.0
rf,SVN,2012,train,25.6,25.66575000000014,-0.06575000000013986,2.0
rf,SVN,2013,train,26.2,26.436400000000155,-0.23640000000015604,2.0
rf,SVN,2014,train,25.7,25.864550000000115,-0.16455000000011566,2.0
rf,SVN,2015,train,25.4,25.530749999999884,-0.13074999999988535,2.0
rf,SVN,2016,train,24.8,25.194599999999895,-0.3945999999998939,2.0
rf,SVN,2017,train,24.2,24.82100000000011,-0.6210000000001124,2.0
rf,SVN,2018,train,24.6,24.974000000000157,-0.3740000000001551,2.0
rf,SWE,2001,train,26.5,26.780597222222248,-0.2805972222222479,2.0
rf,SWE,2002,train,26.2,26.455888888888996,-0.25588888888899675,2.0
rf,SWE,2003,train,25.3,25.99173888888882,-0.6917388888888176,2.0
rf,SWE,2004,train,26.1,26.852191702741816,-0.7521917027418148,2.0
rf,SWE,2005,train,26.8,26.988663412698266,-0.18866341269826492,2.0
rf,SWE,2006,train,26.4,26.781932099566998,-0.38193209956699903,2.0
rf,SWE,2007,train,27.1,27.336084401709538,-0.2360844017095367,2.0
rf,SWE,2008,train,28.1,27.829203333333503,0.2707966666664987,2.0
rf,SWE,2009,train,27.3,27.720173333333218,-0.42017333333321716,2.0
rf,SWE,2010,train,27.7,27.70208388278404,-0.002083882784042146,2.0
rf,SWE,2011,train,27.6,27.687030430403116,-0.08703043040311442,2.0
rf,SWE,2012,train,27.6,27.742920589133217,-0.14292058913321526,2.0
rf,SWE,2013,train,28.8,28.69553214285697,0.10446785714303175,2.0
rf,SWE,2014,train,28.4,28.522932142856988,-0.12293214285698895,2.0
rf,SWE,2015,train,29.2,29.02880873015887,0.17119126984112754,2.0
rf,SWE,2016,train,29.6,29.299266666666814,0.30073333333318786,2.0
rf,SWE,2017,train,28.8,28.942551785714187,-0.14255178571418625,2.0
rf,SWE,2018,train,30.0,29.430066666666644,0.5699333333333563,2.0
rf,SWZ,1994,train,58.7,54.25478947368446,4.445210526315542,1.0
rf,SWZ,2000,train,53.1,52.55059571428556,0.5494042857144379,1.0
rf,SWZ,2009,train,51.4,51.01211000000014,0.3878899999998566,1.0
rf,SWZ,2016,train,54.6,51.1779999999997,3.4220000000003026,1.0
rf,SYC,2006,train,42.8,42.337999999999695,0.4620000000003017,2.0
rf,SYC,2013,train,46.8,43.09379999999974,3.7062000000002584,2.0
rf,SYC,2018,train,32.1,31.91860000000015,0.1813999999998508,2.0
rf,SYR,1996,train,35.2,37.22735000000022,-2.0273500000002187,
rf,SYR,2003,train,37.5,38.38580000000001,-0.8858000000000104,
rf,SYR,2006,train,40.1,40.04099999999997,0.059000000000033026,
rf,SYR,2009,train,40.4,41.14535000000006,-0.7453500000000588,
rf,TCD,2003,train,39.8,39.72239999999975,0.07760000000024547,0.0
rf,TCD,2011,train,43.3,40.889999999999745,2.4100000000002524,0.0
rf,TCD,2018,train,37.5,37.71079999999998,-0.21079999999997767,0.0
rf,TGO,2006,train,42.2,42.54862845471545,-0.34862845471544546,0.0
rf,TGO,2011,train,46.0,44.10153968253973,1.8984603174602697,0.0
rf,THA,1990,train,45.3,45.58366984126959,-0.2836698412695924,1.0
rf,THA,1992,train,47.9,46.397514285714394,1.502485714285605,1.0
rf,THA,1994,train,43.5,43.78260000000001,-0.2826000000000093,1.0
rf,THA,1996,train,42.9,42.851416666666736,0.048583333333262146,1.0
rf,THA,1998,train,41.5,42.170425,-0.6704250000000016,1.0
rf,THA,2002,train,41.9,42.089500000000065,-0.1895000000000664,1.0
rf,THA,2004,train,42.5,42.228505555555486,0.27149444444451376,1.0
rf,THA,2006,train,41.8,41.4010499999997,0.3989500000002977,1.0
rf,THA,2007,train,39.8,40.16439999999967,-0.36439999999966943,1.0
rf,THA,2008,train,40.3,40.25153333333302,0.0484666666669753,1.0
rf,THA,2009,train,39.6,39.64069999999991,-0.0406999999999087,1.0
rf,THA,2010,train,39.4,39.56814999999997,-0.1681499999999687,1.0
rf,THA,2011,train,37.5,38.06679999999996,-0.566799999999958,1.0
rf,THA,2012,train,39.3,38.73234999999972,0.5676500000002775,1.0
rf,THA,2013,train,37.8,38.04226999999971,-0.24226999999971355,1.0
rf,THA,2014,train,37.0,37.08939999999998,-0.08939999999998349,1.0
rf,THA,2015,train,36.0,36.51980000000004,-0.5198000000000391,1.0
rf,THA,2016,train,36.7,36.68620000000022,0.013799999999783097,1.0
rf,THA,2017,train,36.4,37.24319999999998,-0.8431999999999817,1.0
rf,THA,2018,train,36.4,37.78899999999998,-1.3889999999999816,1.0
rf,TJK,1999,train,29.5,31.691800000000036,-2.191800000000036,1.0
rf,TJK,2003,train,32.7,33.105400000000216,-0.40540000000021337,1.0
rf,TJK,2004,train,33.6,33.325400000000165,0.2745999999998361,1.0
rf,TJK,2007,train,32.2,32.38400000000021,-0.18400000000021066,1.0
rf,TJK,2009,train,30.8,31.83006666666647,-1.030066666666471,1.0
rf,TLS,2001,train,35.9,38.13460000000002,-2.2346000000000217,0.0
rf,TLS,2014,train,28.7,33.517000000000166,-4.817000000000167,0.0
rf,TON,2000,train,37.7,36.90873333333355,0.7912666666664521,1.0
rf,TON,2009,train,37.5,35.877449999999996,1.622550000000004,1.0
rf,TON,2015,train,33.5,33.94405000000002,-0.4440500000000185,1.0
rf,TTO,1992,train,40.2,43.45448333333356,-3.2544833333335603,
rf,TUN,1990,train,40.1,41.62813939393935,-1.5281393939393482,1.0
rf,TUN,1995,train,41.7,43.83438045112809,-2.134380451128088,1.0
rf,TUN,2000,train,40.8,42.34541666666645,-1.5454166666664548,1.0
rf,TUN,2005,train,37.7,39.22009285714306,-1.5200928571430552,1.0
rf,TUN,2010,train,38.5,39.732609999999994,-1.232609999999994,1.0
rf,TUN,2015,train,32.8,35.83189999999979,-3.031899999999794,1.0
rf,TUR,1994,train,41.3,40.94359999999973,0.3564000000002636,1.0
rf,TUR,2002,train,41.4,41.18515000000006,0.2148499999999416,1.0
rf,TUR,2003,train,42.2,41.666776666666884,0.5332233333331189,1.0
rf,TUR,2004,train,41.3,41.305633333333084,-0.0056333333330869095,1.0
rf,TUR,2005,train,42.6,42.140426190476084,0.459573809523917,1.0
rf,TUR,2006,train,39.6,39.92853571428566,-0.32853571428565687,1.0
rf,TUR,2007,train,38.4,39.12238571428571,-0.7223857142857142,1.0
rf,TUR,2008,train,39.0,39.216335714285684,-0.21633571428568388,1.0
rf,TUR,2009,train,39.0,40.35401904761902,-1.354019047619019,1.0
rf,TUR,2010,train,38.8,39.855759523809326,-1.0557595238093285,1.0
rf,TUR,2011,train,40.0,40.67773571428576,-0.6777357142857596,1.0
rf,TUR,2012,train,40.2,40.731512380952616,-0.5315123809526128,1.0
rf,TUR,2013,train,40.2,41.18441619047649,-0.9844161904764874,1.0
rf,TUR,2014,train,41.2,41.52671666666694,-0.32671666666693966,1.0
rf,TUR,2015,train,42.9,42.34176666666682,0.5582333333331775,1.0
rf,TUR,2016,train,41.9,42.05520000000013,-0.15520000000012857,1.0
rf,TUR,2017,train,43.5,42.838000000000086,0.6619999999999138,1.0
rf,TUR,2018,train,42.4,41.804666666666776,0.5953333333332225,1.0
rf,TZA,1991,train,35.3,37.41246666666643,-2.1124666666664353,0.0
rf,TZA,2018,train,40.5,39.18659999999998,1.3134000000000228,0.0
rf,UGA,1992,train,41.4,40.19420000000001,1.2057999999999893,
rf,UKR,1992,train,29.7,32.87860000000017,-3.17860000000017,1.0
rf,UKR,1993,train,28.9,31.486999999999828,-2.586999999999829,1.0
rf,UKR,1999,train,28.9,30.002799999999862,-1.1027999999998634,1.0
rf,UKR,2002,train,29.0,29.750160000000022,-0.7501600000000224,1.0
rf,UKR,2003,train,28.7,29.00486000000012,-0.30486000000012226,1.0
rf,UKR,2004,train,28.9,29.10565999999987,-0.20565999999987028,1.0
rf,UKR,2005,train,29.0,28.89565999999998,0.10434000000001831,1.0
rf,UKR,2006,train,29.8,29.403599999999845,0.3964000000001562,1.0
rf,UKR,2007,train,27.0,28.01636000000002,-1.0163600000000201,1.0
rf,UKR,2008,train,26.6,27.47916000000015,-0.879160000000148,1.0
rf,UKR,2009,train,25.3,26.57199999999986,-1.27199999999986,1.0
rf,UKR,2010,train,24.8,25.313099999999906,-0.5130999999999055,1.0
rf,UKR,2011,train,24.6,25.71460000000016,-1.1146000000001592,1.0
rf,UKR,2012,train,24.7,25.48830000000014,-0.7883000000001417,1.0
rf,UKR,2013,train,24.6,26.133200000000166,-1.5332000000001642,1.0
rf,UKR,2014,train,24.0,24.820600000000017,-0.8206000000000166,1.0
rf,UKR,2015,train,25.5,26.008800000000004,-0.5088000000000044,1.0
rf,UKR,2016,train,25.0,25.6066,-0.6066000000000003,1.0
rf,UKR,2017,train,26.0,26.744600000000013,-0.7446000000000126,1.0
rf,UKR,2018,train,26.1,27.392000000000145,-1.2920000000001437,1.0
rf,URY,1992,train,41.5,42.42876000000001,-0.9287600000000111,2.0
rf,URY,1995,train,40.9,42.17537333333337,-1.2753733333333699,2.0
rf,URY,1996,train,40.8,41.79369333333311,-0.9936933333331126,2.0
rf,URY,1998,train,42.5,43.62960000000004,-1.129600000000039,2.0
rf,URY,2000,train,43.4,44.48857500000012,-1.0885750000001195,2.0
rf,URY,2001,train,45.0,45.10339500000004,-0.10339500000004165,2.0
rf,URY,2002,train,45.5,44.92891780112045,0.5710821988795516,2.0
rf,URY,2003,train,45.0,44.71030851540616,0.2896914845938383,2.0
rf,URY,2004,train,45.9,45.540653991596834,0.3593460084031648,2.0
rf,URY,2005,train,44.7,45.09310691557356,-0.39310691557355426,2.0
rf,URY,2006,train,45.9,45.81925413058069,0.08074586941931017,2.0
rf,URY,2007,train,46.4,45.78333188329578,0.6166681167042185,2.0
rf,URY,2008,train,45.1,45.18389164823814,-0.08389164823813644,2.0
rf,URY,2009,train,45.5,45.02154778972831,0.4784522102716906,2.0
rf,URY,2010,train,44.5,44.15014644773703,0.3498535522629709,2.0
rf,URY,2011,train,42.2,42.32867428571452,-0.1286742857145171,2.0
rf,URY,2012,train,39.9,40.677388571428644,-0.777388571428645,2.0
rf,URY,2013,train,40.5,40.54621428571432,-0.046214285714320624,2.0
rf,URY,2014,train,40.1,40.1574809523809,-0.05748095238089945,2.0
rf,URY,2015,train,40.1,40.38801428571429,-0.28801428571429,2.0
rf,URY,2016,train,39.7,39.90191428571454,-0.20191428571453685,2.0
rf,URY,2017,train,39.5,39.773675000000075,-0.2736750000000754,2.0
rf,URY,2018,train,39.7,39.76481428571455,-0.06481428571454728,2.0
rf,USA,1990,train,38.3,38.53059999999979,-0.23059999999978942,2.0
rf,USA,1991,train,38.0,38.47999999999994,-0.47999999999994003,2.0
rf,USA,1993,train,40.4,39.95659999999996,0.44340000000003954,2.0
rf,USA,1994,train,40.0,39.90339999999998,0.09660000000001645,2.0
rf,USA,1995,train,39.9,39.91799999999995,-0.017999999999950944,2.0
rf,USA,1996,train,40.3,40.11379999999975,0.18620000000024817,2.0
rf,USA,1998,train,40.0,39.9742,0.025799999999996714,2.0
rf,USA,1999,train,40.0,39.93519999999999,0.0648000000000124,2.0
rf,USA,2005,train,41.3,40.79699999999979,0.5030000000002062,2.0
rf,USA,2013,train,40.9,40.936800000000126,-0.0368000000001274,2.0
rf,USA,2014,train,41.7,41.40340000000025,0.2965999999997564,2.0
rf,USA,2015,train,41.5,41.32459999999998,0.17540000000001754,2.0
rf,USA,2016,train,41.3,41.22259999999976,0.07740000000023883,2.0
rf,USA,2017,train,41.4,41.19239999999997,0.20760000000002776,2.0
rf,USA,2018,train,41.8,41.15599999999974,0.6440000000002541,2.0
rf,UZB,2000,train,35.9,35.940999999999946,-0.04099999999994708,1.0
rf,UZB,2003,train,35.2,34.57961000000021,0.6203899999997944,1.0
rf,VNM,2016,train,35.3,36.32219999999987,-1.02219999999987,1.0
rf,VNM,2018,train,35.7,36.32500000000017,-0.6250000000001705,1.0
rf,VUT,2010,train,37.4,39.11659999999999,-1.7165999999999926,0.0
rf,WSM,2002,train,40.7,39.65100000000024,1.048999999999765,1.0
rf,ZAF,2000,train,57.8,55.32139999999968,2.47860000000032,2.0
rf,ZAF,2005,train,65.0,59.99899999999997,5.001000000000033,2.0
rf,ZAF,2008,train,62.5,56.87367999999995,5.6263200000000495,2.0
rf,ZAF,2010,train,60.9,55.744000000000185,5.155999999999814,2.0
rf,ZAF,2014,train,59.6,52.70533103448252,6.894668965517482,2.0
rf,ALB,2019,test,30.1,32.38855000000017,-2.2885500000001713,1.0
rf,ALB,2020,test,29.4,33.90147500000008,-4.5014750000000845,1.0
rf,ARG,2019,test,43.3,40.38440000000009,2.9155999999999054,2.0
rf,ARG,2020,test,42.7,40.032999999999994,2.6670000000000087,2.0
rf,ARG,2021,test,42.4,40.088200000000015,2.311799999999984,2.0
rf,ARG,2022,test,40.7,39.88300000000002,0.816999999999986,2.0
rf,ARG,2023,test,42.4,39.9066,2.493400000000001,2.0
rf,ARM,2019,test,30.0,34.101842857142834,-4.1018428571428345,1.0
rf,ARM,2020,test,25.1,33.630092857142834,-8.530092857142833,1.0
rf,ARM,2021,test,27.9,32.58504285714283,-4.685042857142832,1.0
rf,ARM,2022,test,27.9,32.77829285714285,-4.878292857142853,1.0
rf,ARM,2023,test,27.2,34.74352899208807,-7.543528992088074,1.0
rf,AUS,2020,test,33.8,33.42305714285709,0.37694285714290743,2.0
rf,AUT,2019,test,30.2,30.281839999999946,-0.0818399999999464,2.0
rf,AUT,2020,test,29.8,29.642125750360723,0.15787424963927776,2.0
rf,AUT,2021,test,30.7,29.397058333333327,1.3029416666666727,2.0
rf,AUT,2022,test,30.9,30.046349999999983,0.853650000000016,2.0
rf,AUT,2023,test,31.2,30.105354285714277,1.094645714285722,2.0
rf,BDI,2020,test,37.5,41.357000000000006,-3.8570000000000064,0.0
rf,BEL,2019,test,27.2,28.233580952380986,-1.0335809523809871,2.0
rf,BEL,2020,test,26.0,28.053468452381058,-2.0534684523810576,2.0
rf,BEL,2021,test,26.6,28.237061858974414,-1.6370618589744126,2.0
rf,BEL,2022,test,26.4,28.458595192307733,-2.0585951923077346,2.0
rf,BEL,2023,test,26.8,28.152795192307742,-1.3527951923077417,2.0
rf,BEN,2021,test,34.4,40.66750980392161,-6.267509803921612,0.0
rf,BFA,2021,test,37.4,40.97252857142862,-3.57252857142862,0.0
rf,BGD,2022,test,30.9,37.384999999999984,-6.484999999999985,0.0
rf,BGR,2019,test,40.3,36.763566666666584,3.536433333333413,
rf,BGR,2020,test,40.5,35.34350238095231,5.156497619047691,
rf,BGR,2021,test,39.0,34.859485714285654,4.140514285714346,
rf,BGR,2022,test,38.2,34.197590000000005,4.002409999999998,
rf,BGR,2023,test,39.5,33.850089999999994,5.6499100000000055,
rf,BIH,2021,test,30.3,35.04350472049692,-4.743504720496919,1.0
rf,BLR,2019,test,25.3,27.855593333333363,-2.5555933333333627,1.0
rf,BLR,2020,test,24.4,28.23959333333339,-3.83959333333339,1.0
rf,BOL,2019,test,41.6,40.74795976190476,0.8520402380952419,1.0
rf,BOL,2020,test,43.6,39.41622000000005,4.183779999999949,1.0
rf,BOL,2021,test,40.9,39.070200238095275,1.8297997619047237,1.0
rf,BOL,2022,test,41.2,39.09673941692473,2.1032605830752757,1.0
rf,BOL,2023,test,42.1,39.0153993609023,3.084600639097701,1.0
rf,BRA,2019,test,53.5,51.84486666666681,1.6551333333331897,2.0
rf,BRA,2020,test,48.8,49.901266666666665,-1.1012666666666675,2.0
rf,BRA,2021,test,52.9,47.570666666666774,5.329333333333224,2.0
rf,BRA,2022,test,51.9,47.239500000000106,4.660499999999892,2.0
rf,BTN,2022,test,28.5,37.41389999999999,-8.913899999999991,0.0
rf,CAN,2019,test,31.8,32.86854095238099,-1.0685409523809888,2.0
rf,CAN,2020,test,29.9,32.58900000000005,-2.68900000000005,2.0
rf,CAN,2021,test,31.1,32.855960000000096,-1.7559600000000941,2.0
rf,CAN,2022,test,31.5,32.44319047619046,-0.943190476190459,2.0
rf,CHE,2019,test,34.0,32.50068000000016,1.499319999999841,2.0
rf,CHE,2020,test,33.7,32.30068000000006,1.3993199999999462,2.0
rf,CHE,2021,test,33.8,32.07378000000004,1.7262199999999552,2.0
rf,CHE,2022,test,33.8,32.074160000000084,1.7258399999999128,2.0
rf,CHL,2020,test,47.0,39.88107999999991,7.118920000000088,2.0
rf,CHL,2022,test,43.2,35.46460000000002,7.735399999999984,2.0
rf,CIV,2021,test,35.3,43.452008333333396,-8.152008333333399,0.0
rf,CMR,2021,test,42.2,44.43839999999999,-2.2383999999999844,0.0
rf,COL,2019,test,52.5,49.89770039682529,2.602299603174707,1.0
rf,COL,2020,test,54.4,46.53486666666667,7.8651333333333255,1.0
rf,COL,2021,test,55.1,46.06614452380945,9.033855476190553,1.0
rf,COL,2022,test,54.8,44.168000317460375,10.631999682539622,1.0
rf,CRI,2019,test,48.2,46.67486125844313,1.525138741556873,2.0
rf,CRI,2020,test,49.2,43.17319999999998,6.026800000000023,2.0
rf,CRI,2021,test,48.7,44.51549020254253,4.184509797457473,2.0
rf,CRI,2022,test,47.2,43.952510964325505,3.247489035674498,2.0
rf,CRI,2023,test,46.7,43.51524625844315,3.184753741556854,2.0
rf,CYP,2019,test,31.2,32.28430000000004,-1.084300000000038,2.0
rf,CYP,2020,test,31.7,32.00669000000001,-0.3066900000000139,2.0
rf,CYP,2021,test,31.3,31.995397701149457,-0.6953977011494565,2.0
rf,CYP,2022,test,31.5,32.34440000000002,-0.8444000000000216,2.0
rf,CYP,2023,test,31.8,31.94055000000001,-0.14055000000000817,2.0
rf,CZE,2019,test,25.3,26.461433333333286,-1.1614333333332851,2.0
rf,CZE,2020,test,26.2,27.358066666666662,-1.158066666666663,2.0
rf,CZE,2021,test,26.2,28.2753333333333,-2.075333333333301,2.0
rf,CZE,2022,test,25.9,27.864499999999943,-1.9644999999999442,2.0
rf,CZE,2023,test,25.7,27.696659999999973,-1.9966599999999737,2.0
rf,DEU,2019,test,32.2,31.406666666666464,0.7933333333335391,2.0
rf,DEU,2020,test,32.5,31.183399999999853,1.3166000000001468,2.0
rf,DEU,2021,test,33.6,31.093199999999854,2.5068000000001476,2.0
rf,DEU,2022,test,33.7,31.17119999999987,2.528800000000132,2.0
rf,DNK,2019,test,27.7,28.414963690476334,-0.7149636904763348,2.0
rf,DNK,2020,test,27.5,28.294834523809676,-0.7948345238096763,2.0
rf,DNK,2021,test,28.3,28.36284305555567,-0.0628430555556676,2.0
rf,DNK,2022,test,29.3,29.72688888888896,-0.4268888888889606,2.0
rf,DNK,2023,test,29.9,28.657508333333396,1.2424916666666022,2.0
rf,DOM,2019,test,41.9,44.91489368040112,-3.014893680401123,1.0
rf,DOM,2020,test,39.6,45.11432783858894,-5.51432783858894,1.0
rf,DOM,2021,test,38.5,44.87628936507944,-6.376289365079437,1.0
rf,DOM,2022,test,37.0,44.97966681096684,-7.97966681096684,1.0
rf,DOM,2023,test,38.4,44.78316982683988,-6.383169826839882,1.0
rf,ECU,2019,test,45.7,45.16119517950137,0.5388048204986333,1.0
rf,ECU,2020,test,47.3,45.22624127647447,2.073758723525529,1.0
rf,ECU,2021,test,45.8,44.84295493058355,0.957045069416445,1.0
rf,ECU,2022,test,45.5,45.33537531747247,0.16462468252753126,1.0
rf,ECU,2023,test,44.6,45.497914126996264,-0.8979141269962625,1.0
rf,EGY,2019,test,31.9,35.2349999999999,-3.3349999999999014,1.0
rf,EGY,2021,test,28.5,36.608799999999924,-8.108799999999924,1.0
rf,ESP,2019,test,34.3,34.790732175009026,-0.490732175009029,2.0
rf,ESP,2020,test,34.9,35.07301408424911,-0.17301408424911102,2.0
rf,ESP,2021,test,33.9,34.49892628367813,-0.5989262836781322,2.0
rf,ESP,2022,test,33.6,34.673965320197105,-1.0739653201971038,2.0
rf,ESP,2023,test,33.4,34.08544553997733,-0.68544553997733,2.0
rf,EST,2019,test,30.8,30.402516666666596,0.3974833333334047,2.0
rf,EST,2020,test,30.7,30.90130555555557,-0.20130555555557095,2.0
rf,EST,2021,test,31.8,30.54138333333328,1.2586166666667218,2.0
rf,EST,2022,test,32.3,31.073853333333307,1.2261466666666898,2.0
rf,EST,2023,test,30.7,31.43545333333335,-0.73545333333335,2.0
rf,FIN,2019,test,27.7,27.227609300699246,0.47239069930075317,2.0
rf,FIN,2020,test,27.1,27.216573586413574,-0.11657358641357263,2.0
rf,FIN,2021,test,27.7,27.080147872127878,0.6198521278721216,2.0
rf,FIN,2022,test,27.9,27.500877872127845,0.39912212787215395,2.0
rf,FIN,2023,test,27.4,27.55828384615386,-0.1582838461538607,2.0
rf,FJI,2019,test,30.7,33.95654166666675,-3.2565416666667524,1.0
rf,FRA,2019,test,31.2,31.85326666666664,-0.6532666666666422,2.0
rf,FRA,2020,test,30.7,32.30036333333335,-1.6003633333333518,2.0
rf,FRA,2021,test,31.5,32.09240000000002,-0.5924000000000191,2.0
rf,FRA,2022,test,31.2,31.675995238095243,-0.47599523809524413,2.0
rf,FRA,2023,test,31.8,31.70139523809522,0.09860476190478096,2.0
rf,GBR,2019,test,32.8,32.74493333333347,0.05506666666652649,2.0
rf,GBR,2020,test,32.7,33.19516333333342,-0.4951633333334158,2.0
rf,GBR,2021,test,32.4,33.16232142857153,-0.7623214285715321,2.0
rf,GEO,2019,test,35.9,36.54379999999995,-0.6437999999999491,2.0
rf,GEO,2020,test,34.5,36.465872857142884,-1.9658728571428838,2.0
rf,GEO,2021,test,34.2,36.43594285714285,-2.2359428571428452,2.0
rf,GEO,2022,test,33.5,36.092342857142846,-2.592342857142846,2.0
rf,GEO,2023,test,34.8,36.57188507936503,-1.7718850793650347,2.0
rf,GRC,2019,test,33.1,33.853381655528274,-0.7533816555282726,2.0
rf,GRC,2020,test,33.6,34.383421703296634,-0.7834217032966322,2.0
rf,GRC,2021,test,32.9,33.63343879838545,-0.7334387983854498,2.0
rf,GRC,2022,test,33.4,33.665546113847796,-0.26554611384779747,2.0
rf,GRC,2023,test,33.4,33.56188713837879,-0.16188713837879476,2.0
rf,GTM,2023,test,45.2,49.03670857142848,-3.836708571428474,1.0
rf,HND,2019,test,48.2,49.72354729437234,-1.5235472943723352,1.0
rf,HND,2023,test,46.8,50.15071339105337,-3.3507133910533753,1.0
rf,HRV,2019,test,28.9,30.532750000000124,-1.6327500000001258,2.0
rf,HRV,2020,test,29.5,31.208664705882416,-1.7086647058824163,2.0
rf,HRV,2021,test,28.9,31.279793277310986,-2.3797932773109878,2.0
rf,HRV,2022,test,30.0,31.70003333333334,-1.7000333333333408,2.0
rf,HRV,2023,test,30.1,31.236178991596667,-1.1361789915966654,2.0
rf,IDN,2019,test,35.4,38.691476923076785,-3.291476923076786,1.0
rf,IDN,2020,test,35.3,39.504876923076885,-4.204876923076888,1.0
rf,IDN,2021,test,35.5,38.7650575682381,-3.265057568238099,1.0
rf,IDN,2022,test,35.5,38.93245756823813,-3.432457568238128,1.0
rf,IDN,2023,test,36.1,39.12585756823812,-3.0258575682381164,1.0
rf,IND,2022,test,25.5,36.233199999999954,-10.733199999999954,0.0
rf,IRL,2019,test,30.3,31.183590476190503,-0.883590476190502,2.0
rf,IRL,2020,test,29.2,31.19825714285712,-1.9982571428571205,2.0
rf,IRL,2021,test,29.4,31.040257142857133,-1.6402571428571342,2.0
rf,IRL,2022,test,29.9,30.68585714285712,-0.7858571428571217,2.0
rf,IRN,2020,test,35.8,36.12359999999995,-0.32359999999995637,1.0
rf,IRN,2022,test,34.8,35.999199999999995,-1.1991999999999976,1.0
rf,IRN,2023,test,35.9,36.39040000000001,-0.49040000000000816,1.0
rf,ISL,2019,test,26.8,27.580861111111226,-0.7808611111112249,2.0
rf,ISR,2019,test,38.3,37.31560000000007,0.9843999999999298,2.0
rf,ISR,2020,test,37.8,36.79180000000006,1.0081999999999383,2.0
rf,ISR,2021,test,37.9,36.77480000000005,1.1251999999999498,2.0
rf,ISR,2022,test,38.3,36.21000000000004,2.0899999999999537,2.0
rf,ITA,2019,test,34.6,34.761078077010815,-0.16107807701081356,2.0
rf,ITA,2020,test,35.2,34.900832063492146,0.2991679365078568,2.0
rf,ITA,2021,test,34.8,34.33537020155288,0.4646297984471204,2.0
rf,ITA,2022,test,33.7,33.95688188653454,-0.25688188653453636,2.0
rf,ITA,2023,test,34.3,34.54439141034404,-0.24439141034404344,2.0
rf,JAM,2021,test,39.9,37.65975428571425,2.2402457142857486,1.0
rf,JPN,2019,test,33.0,32.86779999999986,0.13220000000013954,2.0
rf,JPN,2020,test,32.3,33.17779999999985,-0.8777999999998514,2.0
rf,KAZ,2019,test,28.0,30.419079999999926,-2.4190799999999264,2.0
rf,KAZ,2020,test,28.7,33.13964285714278,-4.439642857142783,2.0
rf,KAZ,2021,test,29.2,32.441371428571394,-3.2413714285713944,2.0
rf,KEN,2021,test,38.7,39.21607142857135,-0.5160714285713439,0.0
rf,KEN,2022,test,38.5,39.25333809523801,-0.7533380952380071,0.0
rf,KGZ,2019,test,29.7,30.926462732919287,-1.2264627329192876,1.0
rf,KGZ,2020,test,29.0,31.063166666666667,-2.0631666666666675,1.0
rf,KGZ,2021,test,28.8,30.033571428571413,-1.2335714285714126,1.0
rf,KGZ,2023,test,27.2,30.420171428571443,-3.220171428571444,1.0
rf,KIR,2023,test,24.7,38.195799999999984,-13.495799999999985,
rf,KOR,2019,test,33.2,33.56094415204688,-0.36094415204687635,2.0
rf,KOR,2020,test,32.7,33.84299415204682,-1.1429941520468176,2.0
rf,KOR,2021,test,32.9,32.76466081871351,0.13533918128648992,2.0
rf,LBN,2022,test,35.5,41.09880000000002,-5.598800000000018,2.0
rf,LTU,2019,test,35.3,34.931300000000135,0.3686999999998619,2.0
rf,LTU,2020,test,36.0,34.09202727272727,1.9079727272727283,2.0
rf,LTU,2021,test,36.7,33.65162000000002,3.0483799999999803,2.0
rf,LTU,2022,test,36.6,33.82152000000007,2.778479999999931,2.0
rf,LTU,2023,test,36.0,33.22852,2.771479999999997,2.0
rf,LUX,2019,test,34.2,32.98499999999995,1.2150000000000531,2.0
rf,LUX,2020,test,33.4,32.54279999999995,0.8572000000000486,2.0
rf,LUX,2021,test,32.7,33.07619999999995,-0.37619999999994747,2.0
rf,LUX,2022,test,34.1,32.68639999999997,1.4136000000000308,2.0
rf,LUX,2023,test,33.6,32.49559999999995,1.104400000000048,2.0
rf,LVA,2019,test,34.5,34.338280389610475,0.16171961038952531,2.0
rf,LVA,2020,test,35.7,33.9668928571429,1.7331071428571008,2.0
rf,LVA,2021,test,34.3,33.186051818181845,1.1139481818181522,2.0
rf,LVA,2022,test,33.7,33.26084000000003,0.4391599999999727,2.0
rf,LVA,2023,test,34.0,33.98784000000005,0.012159999999951765,2.0
rf,MDA,2019,test,26.0,28.361817142857188,-2.3618171428571877,1.0
rf,MDA,2020,test,25.0,30.21280130434793,-5.212801304347931,1.0
rf,MDA,2021,test,25.7,28.818030476190522,-3.1180304761905226,1.0
rf,MDA,2022,test,25.9,31.798800000000043,-5.898800000000044,1.0
rf,MDA,2023,test,26.8,32.90100000000005,-6.101000000000052,1.0
rf,MDG,2021,test,36.8,43.59569047619052,-6.795690476190522,0.0
rf,MDV,2019,test,29.3,42.51939999999988,-13.219399999999876,1.0
rf,MEX,2020,test,44.6,45.67880551948057,-1.078805519480568,2.0
rf,MEX,2022,test,43.5,44.12403353535349,-0.6240335353534903,2.0
rf,MHL,2019,test,35.5,33.474399999999974,2.0256000000000256,1.0
rf,MKD,2019,test,33.5,36.015420000000034,-2.5154200000000344,1.0
rf,MLT,2019,test,31.0,30.174800000000143,0.8251999999998567,2.0
rf,MLT,2020,test,31.4,30.078940000000063,1.3210599999999353,2.0
rf,MLT,2021,test,31.6,30.41860000000007,1.1813999999999325,2.0
rf,MLT,2022,test,34.6,30.94040000000007,3.65959999999993,2.0
rf,MLT,2023,test,31.8,31.798600000000047,0.0013999999999541046,2.0
rf,MNE,2019,test,35.7,36.28436291844266,-0.5843629184426575,2.0
rf,MNE,2020,test,35.4,35.569906251776004,-0.1699062517760055,2.0
rf,MNE,2021,test,34.3,36.94614376811585,-2.6461437681158557,2.0
rf,MNG,2022,test,31.4,38.87787500000003,-7.477875000000033,1.0
rf,MRT,2019,test,32.0,38.18483333333334,-6.184833333333337,0.0
rf,MWI,2019,test,38.5,43.29365714285719,-4.793657142857192,0.0
rf,MYS,2021,test,40.7,39.327900000000035,1.3720999999999677,1.0
rf,NLD,2019,test,29.2,28.454876190476302,0.7451238095236974,2.0
rf,NLD,2020,test,26.0,28.444900000000082,-2.4449000000000822,2.0
rf,NLD,2021,test,25.7,28.586600000000058,-2.8866000000000582,2.0
rf,NOR,2019,test,27.7,27.28391587301596,0.41608412698403896,2.0
rf,NOR,2020,test,28.4,29.917233333333357,-1.5172333333333583,2.0
rf,NOR,2021,test,29.1,28.078950000000077,1.0210499999999243,2.0
rf,NOR,2022,test,26.9,28.736666666666697,-1.836666666666698,2.0
rf,NOR,2023,test,26.5,27.940777777777814,-1.4407777777778144,2.0
rf,NPL,2022,test,30.0,41.026999999999965,-11.026999999999965,0.0
rf,PER,2019,test,41.5,41.924692380952344,-0.42469238095234374,1.0
rf,PER,2020,test,43.7,41.51133785714282,2.188662142857183,1.0
rf,PER,2021,test,40.1,41.05233507518797,-0.9523350751879676,1.0
rf,PER,2022,test,40.3,40.38550289473684,-0.08550289473684103,1.0
rf,PER,2023,test,40.7,40.69849507518797,0.0015049248120320158,1.0
rf,PHL,2021,test,40.7,42.703089761904685,-2.0030897619046826,1.0
rf,PHL,2023,test,39.3,39.454643333333316,-0.15464333333331837,1.0
rf,POL,2019,test,28.8,30.634600000000106,-1.8346000000001048,2.0
rf,POL,2020,test,28.5,30.932600000000058,-2.4326000000000576,2.0
rf,POL,2021,test,28.5,30.011800000000033,-1.511800000000033,2.0
rf,POL,2022,test,28.9,31.305150000000005,-2.405150000000006,2.0
rf,POL,2023,test,28.5,31.228399999999993,-2.7283999999999935,2.0
rf,PRT,2019,test,32.8,34.62034285714282,-1.8203428571428262,2.0
rf,PRT,2020,test,34.7,34.56585619047624,0.13414380952376348,2.0
rf,PRT,2021,test,34.6,33.67601317460314,0.9239868253968595,2.0
rf,PRT,2022,test,36.3,34.393809999999974,1.9061900000000236,2.0
rf,PRT,2023,test,33.9,35.291592857142795,-1.391592857142797,2.0
rf,PRY,2020,test,43.5,46.37726065195222,-2.87726065195222,1.0
rf,PRY,2021,test,42.9,45.30066455088521,-2.4006645508852102,1.0
rf,PRY,2022,test,44.6,45.53675327251875,-0.9367532725187502,1.0
rf,PRY,2023,test,44.2,45.92121468085987,-1.721214680859866,1.0
rf,PSE,2023,test,36.4,36.357,0.04299999999999926,1.0
rf,ROU,2019,test,34.8,34.580515789473544,0.21948421052645273,1.0
rf,ROU,2020,test,34.6,34.34639999999997,0.25360000000003424,1.0
rf,ROU,2021,test,33.9,33.9763824561403,-0.07638245614030126,1.0
rf,ROU,2022,test,32.3,35.37319999999994,-3.073199999999943,1.0
rf,ROU,2023,test,29.8,35.89719999999998,-6.097199999999976,1.0
rf,RUS,2019,test,35.7,35.80639999999991,-0.10639999999990835,2.0
rf,RUS,2020,test,33.7,37.618581818181795,-3.918581818181792,2.0
rf,RUS,2021,test,35.1,37.58639999999996,-2.4863999999999606,2.0
rf,RUS,2022,test,33.9,37.83859999999994,-3.938599999999944,2.0
rf,RUS,2023,test,33.0,37.97780000000002,-4.977800000000023,2.0
rf,RWA,2023,test,39.4,40.124134920635015,-0.7241349206350165,0.0
rf,SEN,2021,test,36.2,42.65855424836598,-6.458554248365978,0.0
rf,SLV,2019,test,38.8,41.91677999999994,-3.1167799999999417,1.0
rf,SLV,2021,test,39.0,42.46413428571421,-3.4641342857142092,1.0
rf,SLV,2022,test,38.8,44.35169999999991,-5.5516999999999115,1.0
rf,SLV,2023,test,39.8,43.72325428571417,-3.9232542857141723,1.0
rf,SRB,2019,test,34.5,33.805146855726285,0.6948531442737149,1.0
rf,SRB,2020,test,35.0,32.90637536221981,2.093624637780188,1.0
rf,SRB,2021,test,33.1,32.841730838410264,0.25826916158973745,1.0
rf,SRB,2022,test,32.8,31.443376190476197,1.3566238095238,1.0
rf,SUR,2022,test,39.2,43.59115875257816,-4.391158752578157,1.0
rf,SVK,2019,test,23.2,25.671800000000044,-2.4718000000000444,2.0
rf,SVK,2020,test,24.2,26.139100000000052,-1.9391000000000531,2.0
rf,SVK,2021,test,24.1,28.060000000000095,-3.9600000000000932,2.0
rf,SVK,2022,test,24.1,27.708466666666727,-3.6084666666667253,2.0
rf,SVK,2023,test,23.8,27.963600000000067,-4.163600000000066,2.0
rf,SVN,2019,test,24.4,25.677657142857228,-1.2776571428572296,2.0
rf,SVN,2020,test,24.0,26.247013333333353,-2.247013333333353,2.0
rf,SVN,2021,test,24.3,26.702950000000047,-2.4029500000000468,2.0
rf,SVN,2022,test,24.3,27.10735000000005,-2.8073500000000493,2.0
rf,SVN,2023,test,24.7,27.232150000000026,-2.5321500000000263,2.0
rf,SWE,2019,test,29.3,28.806289478021974,0.4937105219780271,2.0
rf,SWE,2020,test,28.9,28.712025000000025,0.18797499999997314,2.0
rf,SWE,2021,test,29.8,28.6432951923077,1.1567048076923,2.0
rf,SWE,2022,test,31.6,28.70619519230775,2.893804807692252,2.0
rf,SWE,2023,test,29.3,28.93475416666667,0.3652458333333293,2.0
rf,SYR,2022,test,26.4,41.59819999999997,-15.198199999999972,
rf,TGO,2021,test,37.9,42.159571708683494,-4.259571708683495,0.0
rf,THA,2019,test,34.9,39.16984999999999,-4.269849999999991,1.0
rf,THA,2020,test,35.0,38.884,-3.8840000000000003,1.0
rf,THA,2021,test,34.9,38.53072500000001,-3.6307250000000124,1.0
rf,THA,2022,test,34.3,37.60965000000006,-3.3096500000000617,1.0
rf,THA,2023,test,33.5,39.47905000000002,-5.979050000000022,1.0
rf,TJK,2021,test,32.4,32.577799999999996,-0.17779999999999774,1.0
rf,TJK,2022,test,39.5,33.263599999999975,6.236400000000025,1.0
rf,TJK,2023,test,38.0,33.33039999999997,4.669600000000031,1.0
rf,TON,2021,test,27.1,34.97320000000002,-7.873200000000018,1.0
rf,TUR,2019,test,43.8,41.6836000000001,2.1163999999998993,1.0
rf,TUR,2020,test,43.0,41.27780000000009,1.7221999999999085,1.0
rf,TUR,2021,test,44.4,39.5836,4.816400000000002,1.0
rf,TUR,2022,test,44.5,39.75359999999998,4.746400000000023,1.0
rf,TUR,2023,test,43.7,39.330800000000025,4.369199999999978,1.0
rf,UKR,2019,test,26.6,29.941900000000068,-3.3419000000000665,1.0
rf,UKR,2020,test,25.6,31.793100000000038,-6.193100000000037,1.0
rf,URY,2019,test,39.7,39.009214285714435,0.6907857142855676,2.0
rf,URY,2020,test,40.2,39.12520000000006,1.0747999999999394,2.0
rf,URY,2021,test,40.8,39.06710000000008,1.7328999999999155,2.0
rf,URY,2022,test,40.6,37.90640000000002,2.6935999999999822,2.0
rf,URY,2023,test,40.9,38.36319999999999,2.5368000000000066,2.0
rf,USA,2019,test,41.9,39.69579999999982,2.204200000000178,2.0
rf,USA,2020,test,40.0,39.550799999999875,0.4492000000001255,2.0
rf,USA,2021,test,39.7,39.669199999999854,0.030800000000148486,2.0
rf,USA,2022,test,41.7,38.96379999999989,2.7362000000001103,2.0
rf,UZB,2021,test,32.9,32.880500000000005,0.019499999999993634,1.0
rf,UZB,2022,test,31.2,32.7833,-1.5832999999999977,1.0
rf,UZB,2023,test,34.5,32.80930000000001,1.6906999999999925,1.0
rf,VNM,2020,test,36.8,37.22200000000011,-0.42200000000011073,1.0
rf,VNM,2022,test,36.1,36.84740000000007,-0.74740000000007,1.0
rf,ZAF,2022,test,54.1,39.51377999999999,14.586220000000012,2.0
