model,iso3,year,split,y_true,y_pred,residual,cluster_kmeans_k3
ridge,AGO,2000,train,51.9,46.873465749951365,5.026534250048634,0.0
ridge,AGO,2008,train,42.7,39.358013784602115,3.3419862153978883,0.0
ridge,ALB,1996,train,27.0,35.57237472999636,-8.572374729996362,1.0
ridge,ALB,2002,train,31.7,36.60093242291693,-4.900932422916927,1.0
ridge,ALB,2005,train,30.6,36.12910039353025,-5.52910039353025,1.0
ridge,ALB,2008,train,30.0,35.68623801283431,-5.686238012834309,1.0
ridge,ALB,2012,train,29.0,33.1487389459757,-4.148738945975701,1.0
ridge,ALB,2014,train,34.6,31.48616364803128,3.1138363519687218,1.0
ridge,ALB,2015,train,32.8,31.909648644604488,0.8903513553955094,1.0
ridge,ALB,2016,train,33.7,31.88443262993431,1.8155673700656934,1.0
ridge,ALB,2017,train,33.1,32.498117538892714,0.6018824611072873,1.0
ridge,ALB,2018,train,30.1,32.2654459183734,-2.1654459183734005,1.0
ridge,ARE,2018,train,26.4,31.516801929268254,-5.116801929268256,2.0
ridge,ARG,1991,train,46.8,49.11620046618624,-2.3162004661862454,2.0
ridge,ARG,1994,train,45.9,46.9870762582163,-1.0870762582162996,2.0
ridge,ARG,1996,train,49.5,45.80556651502498,3.694433484975022,2.0
ridge,ARG,1997,train,49.1,45.96185403102622,3.138145968973781,2.0
ridge,ARG,1998,train,50.7,45.394096958892405,5.305903041107598,2.0
ridge,ARG,1999,train,49.8,44.90844289797381,4.891557102026184,2.0
ridge,ARG,2000,train,51.0,44.44153425727923,6.55846574272077,2.0
ridge,ARG,2001,train,53.3,44.626407386604484,8.673592613395513,2.0
ridge,ARG,2002,train,53.8,40.500525025313145,13.299474974686852,2.0
ridge,ARG,2003,train,51.0,39.20942255501156,11.790577444988443,2.0
ridge,ARG,2004,train,48.5,39.33354168941325,9.166458310586748,2.0
ridge,ARG,2005,train,47.8,39.21651582608076,8.583484173919238,2.0
ridge,ARG,2006,train,46.4,39.348639886135366,7.051360113864632,2.0
ridge,ARG,2007,train,46.3,38.81932742991887,7.480672570081126,2.0
ridge,ARG,2008,train,45.0,38.566333373362355,6.433666626637645,2.0
ridge,ARG,2009,train,43.8,39.3264351501618,4.473564849838198,2.0
ridge,ARG,2010,train,43.7,37.89399570661261,5.806004293387396,2.0
ridge,ARG,2011,train,42.7,37.41577352374921,5.284226476250794,2.0
ridge,ARG,2012,train,41.4,37.895595501766444,3.504404498233555,2.0
ridge,ARG,2013,train,41.1,37.50713455766584,3.5928654423341584,2.0
ridge,ARG,2014,train,41.8,37.1249912319803,4.675008768019694,2.0
ridge,ARG,2016,train,42.3,37.4633580670318,4.836641932968199,2.0
ridge,ARG,2017,train,41.4,37.79145755253525,3.6085424474647496,2.0
ridge,ARG,2018,train,41.7,38.139687880867896,3.5603121191321065,2.0
ridge,ARM,1996,train,44.4,46.98533238195688,-2.5853323819568814,1.0
ridge,ARM,1999,train,36.2,46.71216577405897,-10.512165774058964,1.0
ridge,ARM,2001,train,35.4,45.12584102130238,-9.72584102130238,1.0
ridge,ARM,2004,train,37.5,43.21404652213758,-5.714046522137579,1.0
ridge,ARM,2005,train,36.0,42.25070892492458,-6.250708924924581,1.0
ridge,ARM,2006,train,29.7,41.645042776299896,-11.945042776299896,1.0
ridge,ARM,2007,train,31.2,40.9134339359649,-9.713433935964904,1.0
ridge,ARM,2008,train,29.2,40.25733503779587,-11.05733503779587,1.0
ridge,ARM,2009,train,28.0,39.47629657437363,-11.476296574373627,1.0
ridge,ARM,2010,train,30.0,38.721289177234944,-8.721289177234944,1.0
ridge,ARM,2011,train,29.4,39.39637431295058,-9.996374312950579,1.0
ridge,ARM,2013,train,30.6,33.006077069253465,-2.406077069253463,1.0
ridge,ARM,2014,train,31.5,33.10107627196693,-1.6010762719669316,1.0
ridge,ARM,2015,train,32.4,33.12936338255446,-0.7293633825544603,1.0
ridge,ARM,2018,train,34.4,34.89955706943016,-0.49955706943016054,1.0
ridge,AUS,2016,train,33.7,31.16435284705965,2.535647152940353,2.0
ridge,AUS,2018,train,34.3,32.226461628301685,2.0735383716983122,2.0
ridge,AUT,2003,train,29.5,32.97005615657116,-3.470056156571161,2.0
ridge,AUT,2004,train,29.8,32.594219711545435,-2.794219711545434,2.0
ridge,AUT,2005,train,28.7,32.265574317140654,-3.565574317140655,2.0
ridge,AUT,2006,train,29.6,32.070502922958866,-2.4705029229588646,2.0
ridge,AUT,2007,train,30.6,31.931429625318625,-1.3314296253186235,2.0
ridge,AUT,2008,train,30.4,31.991643171498794,-1.591643171498795,2.0
ridge,AUT,2009,train,31.5,32.153749460916906,-0.6537494609169059,2.0
ridge,AUT,2010,train,30.3,31.792801104602557,-1.492801104602556,2.0
ridge,AUT,2011,train,30.8,31.661338528028327,-0.8613385280283268,2.0
ridge,AUT,2012,train,30.5,31.522245015910478,-1.0222450159104781,2.0
ridge,AUT,2013,train,30.8,31.494499938758317,-0.694499938758316,2.0
ridge,AUT,2014,train,30.5,31.239273602421854,-0.7392736024218536,2.0
ridge,AUT,2015,train,30.5,31.279077754149473,-0.7790777541494727,2.0
ridge,AUT,2016,train,30.8,31.274483627961477,-0.4744836279614759,2.0
ridge,AUT,2017,train,29.7,31.113017667600765,-1.4130176676007657,2.0
ridge,AUT,2018,train,30.8,31.04184255594327,-0.24184255594326842,2.0
ridge,BDI,1992,train,33.3,32.01305179438204,1.2869482056179606,0.0
ridge,BDI,2006,train,33.4,37.97260201694732,-4.572602016947322,0.0
ridge,BDI,2013,train,38.6,35.8407057646388,2.759294235361203,0.0
ridge,BEL,2003,train,28.1,29.916566154775055,-1.8165661547750531,2.0
ridge,BEL,2004,train,30.5,30.24207741030768,0.2579225896923205,2.0
ridge,BEL,2005,train,29.3,29.550912491313873,-0.2509124913138727,2.0
ridge,BEL,2006,train,28.1,29.335805936195932,-1.2358059361959306,2.0
ridge,BEL,2007,train,29.2,29.11356032719727,0.08643967280272946,2.0
ridge,BEL,2008,train,28.4,28.82379785404338,-0.4237978540433822,2.0
ridge,BEL,2009,train,28.6,29.374518690381283,-0.7745186903812815,2.0
ridge,BEL,2010,train,28.4,28.686349004786834,-0.28634900478683534,2.0
ridge,BEL,2011,train,28.1,28.569097328256774,-0.46909732825677253,2.0
ridge,BEL,2012,train,27.5,28.492077091933833,-0.9920770919338331,2.0
ridge,BEL,2013,train,27.7,28.397014607074905,-0.6970146070749053,2.0
ridge,BEL,2014,train,28.1,28.264249069015786,-0.16424906901578495,2.0
ridge,BEL,2015,train,27.7,27.949765510096515,-0.24976551009651615,2.0
ridge,BEL,2016,train,27.6,28.15047453804654,-0.5504745380465401,2.0
ridge,BEL,2017,train,27.4,27.776445859587913,-0.3764458595879141,2.0
ridge,BEL,2018,train,27.2,27.895328697000565,-0.6953286970005657,2.0
ridge,BEN,2003,train,38.6,43.66219972762087,-5.062199727620872,0.0
ridge,BEN,2011,train,43.4,42.58303751725811,0.8169624827418858,0.0
ridge,BEN,2015,train,47.6,41.591291049068936,6.008708950931066,0.0
ridge,BFA,2009,train,39.8,46.31531422118323,-6.515314221183232,0.0
ridge,BFA,2014,train,35.3,43.51672238065611,-8.216722380656115,0.0
ridge,BFA,2018,train,43.0,41.85452187433021,1.14547812566979,0.0
ridge,BGD,2000,train,33.4,40.40798554896169,-7.007985548961692,0.0
ridge,BGD,2005,train,33.2,40.97590340018908,-7.77590340018908,0.0
ridge,BGD,2010,train,32.1,39.81730302583593,-7.717303025835932,0.0
ridge,BGD,2016,train,32.4,36.72384656914878,-4.323846569148785,0.0
ridge,BGR,2001,train,32.7,36.7288017696348,-4.028801769634796,
ridge,BGR,2003,train,28.9,36.14525261720917,-7.245252617209168,
ridge,BGR,2006,train,35.7,35.39871016766616,0.3012898323338433,
ridge,BGR,2007,train,36.1,35.649366505635726,0.4506334943642756,
ridge,BGR,2008,train,33.6,34.77449883640264,-1.1744988364026412,
ridge,BGR,2009,train,33.8,36.696444415876705,-2.896444415876708,
ridge,BGR,2010,train,35.7,36.60460058593187,-0.9046005859318669,
ridge,BGR,2011,train,34.3,35.567222488322734,-1.2672224883227372,
ridge,BGR,2012,train,36.0,35.26788565562497,0.7321143443750273,
ridge,BGR,2013,train,36.6,34.31918907109471,2.2808109289052894,
ridge,BGR,2014,train,37.4,34.02679921554616,3.373200784453836,
ridge,BGR,2015,train,38.6,34.17922071449388,4.420779285506121,
ridge,BGR,2016,train,40.6,34.19534831193511,6.404651688064888,
ridge,BGR,2017,train,40.4,33.96112850597498,6.438871494025015,
ridge,BGR,2018,train,41.3,34.26524333972338,7.034756660276614,
ridge,BIH,2007,train,34.3,40.28111701832999,-5.981117018329989,1.0
ridge,BIH,2011,train,33.3,39.16859210057406,-5.868592100574062,1.0
ridge,BIH,2015,train,32.9,36.384011328096655,-3.4840113280966563,1.0
ridge,BLR,1995,train,28.7,33.190323901724625,-4.490323901724626,1.0
ridge,BLR,1998,train,32.0,33.60568562730714,-1.605685627307139,1.0
ridge,BLR,2008,train,27.8,28.972603910197996,-1.1726039101979957,1.0
ridge,BLR,2009,train,27.7,30.695675496580687,-2.995675496580688,1.0
ridge,BLR,2010,train,28.6,30.26387696032726,-1.6638769603272578,1.0
ridge,BLR,2011,train,27.2,29.864463960412056,-2.664463960412057,1.0
ridge,BLR,2012,train,26.5,29.802803610676186,-3.302803610676186,1.0
ridge,BLR,2013,train,26.6,31.70194312079904,-5.101943120799039,1.0
ridge,BLR,2014,train,27.2,31.683156768791527,-4.4831567687915275,1.0
ridge,BLR,2015,train,25.6,32.14061853466315,-6.540618534663146,1.0
ridge,BLR,2016,train,25.3,31.685729494962033,-6.385729494962032,1.0
ridge,BLR,2017,train,25.4,30.868219810849318,-5.46821981084932,1.0
ridge,BLR,2018,train,25.2,30.954471669467956,-5.754471669467957,1.0
ridge,BLZ,1994,train,60.9,45.83035855803539,15.069641441964606,1.0
ridge,BLZ,1995,train,57.5,45.3808663329,12.119133667100002,1.0
ridge,BLZ,1999,train,53.2,44.36386918849557,8.836130811504432,1.0
ridge,BLZ,2018,train,39.9,40.254728309739185,-0.3547283097391869,1.0
ridge,BOL,1999,train,58.0,45.58571341394497,12.414286586055027,1.0
ridge,BOL,2000,train,61.6,45.45845501902605,16.141544980973954,1.0
ridge,BOL,2001,train,57.4,44.82383270883356,12.576167291166442,1.0
ridge,BOL,2002,train,59.3,44.445050385268544,14.854949614731453,1.0
ridge,BOL,2004,train,55.0,43.26123496076207,11.738765039237933,1.0
ridge,BOL,2005,train,58.5,43.206781970670846,15.293218029329154,1.0
ridge,BOL,2006,train,56.7,43.1949973645059,13.505002635494101,1.0
ridge,BOL,2007,train,54.5,43.20388537637999,11.296114623620007,1.0
ridge,BOL,2008,train,50.8,42.44835357321914,8.35164642678086,1.0
ridge,BOL,2009,train,49.2,42.386548203865075,6.8134517961349275,1.0
ridge,BOL,2011,train,46.1,41.49263606857668,4.607363931423322,1.0
ridge,BOL,2012,train,46.6,40.84598739284832,5.7540126071516795,1.0
ridge,BOL,2013,train,47.6,40.08013873345228,7.519861266547721,1.0
ridge,BOL,2014,train,47.8,39.56421169809224,8.23578830190776,1.0
ridge,BOL,2015,train,46.7,39.30018264688022,7.399817353119786,1.0
ridge,BOL,2016,train,45.2,39.39065155928786,5.809348440712142,1.0
ridge,BOL,2017,train,44.6,41.29466155083092,3.305338449169085,1.0
ridge,BOL,2018,train,42.6,41.00804760910341,1.5919523908965942,1.0
ridge,BRA,2012,train,53.4,45.633020322610435,7.766979677389564,2.0
ridge,BRA,2013,train,52.7,44.643137639915146,8.056862360084857,2.0
ridge,BRA,2014,train,52.1,44.966030208203385,7.133969791796616,2.0
ridge,BRA,2015,train,51.9,45.02274596119311,6.877254038806889,2.0
ridge,BRA,2016,train,53.4,44.49217833901077,8.907821660989228,2.0
ridge,BRA,2017,train,53.3,44.41932642367472,8.880673576325279,2.0
ridge,BRA,2018,train,53.9,43.99671176649756,9.903288233502437,2.0
ridge,BRB,2016,train,34.1,42.131116563741706,-8.031116563741705,2.0
ridge,BTN,2012,train,38.8,36.12945034613935,2.670549653860647,0.0
ridge,BTN,2017,train,37.4,32.33627805993159,5.063721940068412,0.0
ridge,BWA,1993,train,60.1,41.41770009516624,18.682299904833762,
ridge,BWA,2002,train,61.5,40.32321027863961,21.176789721360393,
ridge,CAF,1992,train,59.7,56.57294243389739,3.1270575661026143,0.0
ridge,CAN,2000,train,33.4,32.67712933010994,0.7228706698900567,2.0
ridge,CAN,2005,train,33.6,32.29966258866766,1.3003374113323432,2.0
ridge,CAN,2006,train,34.1,32.279258370247646,1.820741629752355,2.0
ridge,CAN,2007,train,33.8,32.30787210798112,1.4921278920188783,2.0
ridge,CAN,2008,train,33.9,31.996672140759166,1.9033278592408323,2.0
ridge,CAN,2009,train,34.0,32.44648330228428,1.5535166977157218,2.0
ridge,CAN,2010,train,33.6,32.26599949950363,1.3340005004963729,2.0
ridge,CAN,2011,train,32.7,31.88855970358864,0.8114402964113623,2.0
ridge,CAN,2012,train,33.5,31.221464205433488,2.278535794566512,2.0
ridge,CAN,2013,train,33.8,31.162202962914268,2.637797037085729,2.0
ridge,CAN,2014,train,33.2,31.13357190078144,2.0664280992185624,2.0
ridge,CAN,2015,train,33.7,31.122186266483794,2.5778137335162086,2.0
ridge,CAN,2016,train,32.7,31.22552539420132,1.474474605798683,2.0
ridge,CAN,2017,train,33.3,31.064254836724665,2.2357451632753325,2.0
ridge,CAN,2018,train,32.5,31.010755061261612,1.4892449387383877,2.0
ridge,CHE,2000,train,33.4,37.339833887628366,-3.9398338876283674,2.0
ridge,CHE,2002,train,31.7,37.118462046785424,-5.418462046785425,2.0
ridge,CHE,2004,train,31.6,36.76841763262157,-5.168417632621569,2.0
ridge,CHE,2006,train,33.9,35.45913452452589,-1.559134524525895,2.0
ridge,CHE,2007,train,34.3,34.40220987485065,-0.1022098748506508,2.0
ridge,CHE,2008,train,33.8,33.44647179130417,0.3535282086958276,2.0
ridge,CHE,2009,train,32.9,33.09093255580433,-0.19093255580433066,2.0
ridge,CHE,2010,train,32.6,32.74854779324941,-0.14854779324940637,2.0
ridge,CHE,2011,train,31.7,32.46589165803328,-0.7658916580332793,2.0
ridge,CHE,2012,train,31.6,32.37176255823431,-0.7717625582343075,2.0
ridge,CHE,2013,train,32.5,31.7474785574454,0.752521442554599,2.0
ridge,CHE,2015,train,32.3,31.87386511977893,0.42613488022106694,2.0
ridge,CHE,2016,train,33.0,31.846899605154285,1.1531003948457155,2.0
ridge,CHE,2017,train,32.7,31.869197612292254,0.8308023877077488,2.0
ridge,CHE,2018,train,33.1,31.83411076275936,1.2658892372406427,2.0
ridge,CHL,2000,train,52.8,43.93128837216347,8.868711627836525,2.0
ridge,CHL,2003,train,51.5,43.06611319712392,8.433886802876081,2.0
ridge,CHL,2006,train,47.7,41.40833698803489,6.291663011965113,2.0
ridge,CHL,2009,train,47.4,41.79294201448166,5.607057985518338,2.0
ridge,CHL,2011,train,46.9,41.93416626588498,4.965833734115016,2.0
ridge,CHL,2013,train,46.8,40.92939839252111,5.870601607478889,2.0
ridge,CHL,2015,train,45.3,40.40822884948277,4.891771150517229,2.0
ridge,CHL,2017,train,45.3,39.51474562250396,5.785254377496038,2.0
ridge,CHN,1990,train,32.2,46.13609545538198,-13.936095455381974,1.0
ridge,CHN,1993,train,33.9,46.210733512076395,-12.310733512076396,1.0
ridge,CHN,1996,train,35.2,44.08954641302597,-8.889546413025968,1.0
ridge,CHN,1999,train,38.7,43.61702014777195,-4.91702014777195,1.0
ridge,CHN,2002,train,42.0,43.607537228723636,-1.6075372287236362,1.0
ridge,CHN,2008,train,43.0,39.816862100167036,3.183137899832964,1.0
ridge,CHN,2010,train,43.7,39.043868298207116,4.656131701792887,1.0
ridge,CHN,2011,train,42.4,38.61625017153952,3.783749828460479,1.0
ridge,CHN,2012,train,42.2,38.518088029756775,3.6819119702432275,1.0
ridge,CIV,2015,train,41.5,41.430664399328464,0.06933560067153621,0.0
ridge,CIV,2018,train,37.2,40.84459427857752,-3.6445942785775145,0.0
ridge,CMR,2001,train,42.1,43.505016989480275,-1.4050169894802735,0.0
ridge,CMR,2007,train,42.8,44.623942060387144,-1.8239420603871466,0.0
ridge,CMR,2014,train,46.6,38.70352507994602,7.896474920053983,0.0
ridge,COD,2012,train,42.1,42.60204648955655,-0.5020464895565482,0.0
ridge,COL,2000,train,58.4,46.34928813162625,12.050711868373746,1.0
ridge,COL,2002,train,56.0,46.28174019149705,9.71825980850295,1.0
ridge,COL,2004,train,55.0,45.42086960106092,9.579130398939078,1.0
ridge,COL,2005,train,53.9,45.03549675579367,8.864503244206325,1.0
ridge,COL,2008,train,55.0,44.15203936407936,10.847960635920643,1.0
ridge,COL,2009,train,54.1,44.11033314296742,9.989666857032582,1.0
ridge,COL,2010,train,54.4,43.873519313711924,10.526480686288075,1.0
ridge,COL,2011,train,53.3,43.16576351332653,10.134236486673466,1.0
ridge,COL,2012,train,53.6,43.499350626216305,10.100649373783696,1.0
ridge,COL,2013,train,53.5,43.20225874233459,10.297741257665407,1.0
ridge,COL,2014,train,53.6,43.09240593486917,10.507594065130831,1.0
ridge,COL,2015,train,52.0,42.819584231077314,9.180415768922686,1.0
ridge,COL,2016,train,51.7,42.454049124541086,9.245950875458917,1.0
ridge,COL,2017,train,50.9,42.363714312335574,8.536285687664424,1.0
ridge,COL,2018,train,51.6,41.96218844570758,9.63781155429242,1.0
ridge,COM,2004,train,55.9,48.83056073050318,7.069439269496819,
ridge,COM,2014,train,45.3,44.66280000962017,0.6371999903798269,
ridge,CPV,2001,train,52.5,52.24622147093314,0.2537785290668566,1.0
ridge,CPV,2007,train,47.2,50.53839533123947,-3.338395331239468,1.0
ridge,CPV,2015,train,42.4,48.744414706851394,-6.344414706851396,1.0
ridge,CRI,2002,train,51.8,44.278830708892,7.521169291107995,2.0
ridge,CRI,2004,train,48.4,42.89550647569254,5.504493524307456,2.0
ridge,CRI,2005,train,47.5,42.81320853241934,4.686791467580662,2.0
ridge,CRI,2006,train,49.3,42.42878325822996,6.871216741770034,2.0
ridge,CRI,2007,train,49.3,42.62730587189122,6.67269412810878,2.0
ridge,CRI,2008,train,48.6,42.55220796523751,6.0477920347624945,2.0
ridge,CRI,2009,train,50.6,42.284463545071944,8.315536454928058,2.0
ridge,CRI,2010,train,48.0,42.402004576335834,5.597995423664166,2.0
ridge,CRI,2011,train,48.8,42.37608129557365,6.423918704426349,2.0
ridge,CRI,2012,train,48.4,42.35485692003085,6.045143079969151,2.0
ridge,CRI,2013,train,49.2,42.09685770409397,7.103142295906032,2.0
ridge,CRI,2014,train,48.6,41.439423619032134,7.160576380967868,2.0
ridge,CRI,2015,train,48.4,41.85459651920043,6.545403480799571,2.0
ridge,CRI,2016,train,48.7,41.601435963864304,7.0985640361356985,2.0
ridge,CRI,2017,train,48.3,41.36563793167853,6.9343620683214695,2.0
ridge,CRI,2018,train,48.0,40.91514579075855,7.084854209241449,2.0
ridge,CYP,2004,train,30.1,37.26312829054334,-7.163128290543341,2.0
ridge,CYP,2005,train,30.3,37.20784833932166,-6.9078483393216565,2.0
ridge,CYP,2006,train,31.1,37.01045505554876,-5.910455055548759,2.0
ridge,CYP,2007,train,31.1,36.62330455433459,-5.523304554334587,2.0
ridge,CYP,2008,train,31.7,36.33850901037363,-4.638509010373628,2.0
ridge,CYP,2009,train,32.1,36.9765058604633,-4.876505860463297,2.0
ridge,CYP,2010,train,31.5,36.89558340626459,-5.395583406264592,2.0
ridge,CYP,2011,train,32.6,36.764870265749266,-4.164870265749265,2.0
ridge,CYP,2012,train,34.3,36.46911100994285,-2.1691110099428528,2.0
ridge,CYP,2013,train,37.0,36.2813140854593,0.7186859145406999,2.0
ridge,CYP,2014,train,35.6,36.45730531847245,-0.8573053184724486,2.0
ridge,CYP,2015,train,34.0,36.16765974056404,-2.1676597405640408,2.0
ridge,CYP,2016,train,32.9,35.633091783762836,-2.7330917837628377,2.0
ridge,CYP,2017,train,31.4,35.214204174342434,-3.8142041743424357,2.0
ridge,CYP,2018,train,32.7,34.99896681546847,-2.298966815468468,2.0
ridge,CZE,2002,train,26.6,34.6264515330486,-8.0264515330486,2.0
ridge,CZE,2004,train,27.5,33.08545648159145,-5.58545648159145,2.0
ridge,CZE,2005,train,26.9,32.42713312006132,-5.527133120061322,2.0
ridge,CZE,2006,train,26.7,31.729308241297435,-5.029308241297436,2.0
ridge,CZE,2007,train,26.0,31.662024171120258,-5.662024171120258,2.0
ridge,CZE,2008,train,26.3,31.91030900057872,-5.61030900057872,2.0
ridge,CZE,2009,train,26.2,32.051116836811424,-5.851116836811425,2.0
ridge,CZE,2010,train,26.6,31.613972521210016,-5.013972521210015,2.0
ridge,CZE,2011,train,26.4,30.898888036110193,-4.498888036110195,2.0
ridge,CZE,2012,train,26.1,30.594565196545215,-4.494565196545214,2.0
ridge,CZE,2013,train,26.5,29.76277581544415,-3.262775815444151,2.0
ridge,CZE,2014,train,25.9,29.38145690626572,-3.48145690626572,2.0
ridge,CZE,2015,train,25.9,29.423571232096407,-3.5235712320964083,2.0
ridge,CZE,2016,train,25.4,29.67646615639541,-4.276466156395411,2.0
ridge,CZE,2017,train,24.9,29.749775640642273,-4.8497756406422745,2.0
ridge,CZE,2018,train,25.0,29.892434916325637,-4.892434916325637,2.0
ridge,DEU,2001,train,29.9,33.17936479833693,-3.2793647983369283,2.0
ridge,DEU,2002,train,29.9,32.791456605643894,-2.8914566056438957,2.0
ridge,DEU,2003,train,29.9,32.24742694587894,-2.3474269458789436,2.0
ridge,DEU,2004,train,30.1,31.596794868628276,-1.4967948686282746,2.0
ridge,DEU,2005,train,31.6,31.710479128841982,-0.11047912884198041,2.0
ridge,DEU,2006,train,31.0,31.484703076567758,-0.484703076567758,2.0
ridge,DEU,2007,train,31.2,31.22714111149466,-0.02714111149466092,2.0
ridge,DEU,2008,train,30.6,31.00145209360329,-0.4014520936032895,2.0
ridge,DEU,2009,train,30.4,31.500497689529098,-1.1004976895290994,2.0
ridge,DEU,2010,train,30.2,30.672283708771047,-0.4722837087710481,2.0
ridge,DEU,2011,train,30.4,30.147914699420575,0.2520853005794237,2.0
ridge,DEU,2012,train,30.9,30.081423702079807,0.8185762979201918,2.0
ridge,DEU,2013,train,31.4,30.14717109626282,1.2528289037371785,2.0
ridge,DEU,2014,train,30.8,30.112951999391058,0.687048000608943,2.0
ridge,DEU,2015,train,31.4,30.222694996889334,1.1773050031106642,2.0
ridge,DEU,2016,train,31.3,30.177096698823423,1.1229033011765779,2.0
ridge,DEU,2017,train,31.3,30.09045266309398,1.2095473369060201,2.0
ridge,DEU,2018,train,31.9,30.199279857464095,1.7007201425359035,2.0
ridge,DNK,2003,train,25.6,29.935803769937483,-4.335803769937481,2.0
ridge,DNK,2004,train,24.9,30.185171514145914,-5.285171514145915,2.0
ridge,DNK,2005,train,25.2,30.280144376758198,-5.080144376758199,2.0
ridge,DNK,2006,train,25.9,30.407684482518643,-4.507684482518645,2.0
ridge,DNK,2007,train,26.2,30.54035004634962,-4.34035004634962,2.0
ridge,DNK,2008,train,25.2,30.326142030055394,-5.126142030055394,2.0
ridge,DNK,2009,train,26.7,31.364172977704854,-4.664172977704855,2.0
ridge,DNK,2010,train,27.2,31.04592907365723,-3.8459290736572314,2.0
ridge,DNK,2011,train,27.3,30.59838136870537,-3.2983813687053676,2.0
ridge,DNK,2012,train,27.8,29.838914145251707,-2.038914145251706,2.0
ridge,DNK,2013,train,28.5,29.547153265496785,-1.0471532654967852,2.0
ridge,DNK,2014,train,28.4,30.06570149770051,-1.6657014977005105,2.0
ridge,DNK,2015,train,28.2,29.75492866644093,-1.5549286664409294,2.0
ridge,DNK,2016,train,28.2,29.20508797222228,-1.005087972222281,2.0
ridge,DNK,2017,train,28.7,29.313861557463753,-0.6138615574637534,2.0
ridge,DNK,2018,train,28.2,29.52928778095685,-1.3292877809568502,2.0
ridge,DOM,2000,train,51.5,47.86292122061306,3.6370787793869397,1.0
ridge,DOM,2002,train,49.7,47.23740582560227,2.4625941743977293,1.0
ridge,DOM,2004,train,52.1,47.56633629526277,4.533663704737229,1.0
ridge,DOM,2005,train,50.0,47.717369136459695,2.282630863540305,1.0
ridge,DOM,2007,train,48.9,46.36285760458736,2.537142395412637,1.0
ridge,DOM,2008,train,48.1,46.82685075475048,1.2731492452495203,1.0
ridge,DOM,2009,train,48.9,47.33834842070962,1.561651579290377,1.0
ridge,DOM,2010,train,47.3,47.46701920808601,-0.16701920808601045,1.0
ridge,DOM,2011,train,47.7,47.593319428315844,0.10668057168415856,1.0
ridge,DOM,2012,train,46.1,47.39148438969607,-1.2914843896960662,1.0
ridge,DOM,2013,train,47.7,46.85560070122759,0.8443992987724158,1.0
ridge,DOM,2014,train,44.3,46.463743673610374,-2.1637436736103766,1.0
ridge,DOM,2015,train,45.2,46.22056578157554,-1.0205657815755345,1.0
ridge,DOM,2016,train,45.7,44.30632850530226,1.3936714946977418,1.0
ridge,DOM,2017,train,42.2,44.38985848439016,-2.1898584843901574,1.0
ridge,DOM,2018,train,43.7,44.18714697473229,-0.4871469747322905,1.0
ridge,DZA,1995,train,35.3,48.64242649007038,-13.34242649007038,1.0
ridge,DZA,2011,train,27.6,41.64761233700846,-14.04761233700846,1.0
ridge,ECU,2000,train,56.3,44.761408911222624,11.538591088777373,1.0
ridge,ECU,2003,train,53.5,47.12941718749841,6.370582812501588,1.0
ridge,ECU,2004,train,53.9,47.08744777955424,6.81255222044576,1.0
ridge,ECU,2005,train,53.1,46.59605669651569,6.503943303484313,1.0
ridge,ECU,2006,train,52.3,45.92434978704808,6.375650212951918,1.0
ridge,ECU,2007,train,53.4,45.550263619134256,7.8497363808657425,1.0
ridge,ECU,2009,train,48.5,43.14646603477036,5.353533965229637,1.0
ridge,ECU,2010,train,48.8,42.37604987968151,6.423950120318487,1.0
ridge,ECU,2011,train,45.9,41.57997822986139,4.320021770138609,1.0
ridge,ECU,2012,train,46.1,41.21782670323887,4.882173296761131,1.0
ridge,ECU,2013,train,46.9,40.60355189409013,6.296448105909867,1.0
ridge,ECU,2014,train,45.0,40.08906695437585,4.910933045624148,1.0
ridge,ECU,2015,train,46.0,40.47670942444033,5.52329057555967,1.0
ridge,ECU,2016,train,45.0,40.988140653133236,4.011859346866764,1.0
ridge,ECU,2017,train,44.7,40.90130029253626,3.79869970746374,1.0
ridge,ECU,2018,train,45.4,41.07995020169312,4.320049798306876,1.0
ridge,EGY,1990,train,32.0,43.24996019843801,-11.24996019843801,1.0
ridge,EGY,1995,train,30.1,42.55103476915903,-12.45103476915903,1.0
ridge,EGY,1999,train,30.8,41.04100401986733,-10.24100401986733,1.0
ridge,EGY,2004,train,31.8,39.866235614372826,-8.066235614372825,1.0
ridge,EGY,2010,train,30.2,39.75188946718873,-9.551889467188733,1.0
ridge,EGY,2012,train,28.3,39.976380818261845,-11.676380818261844,1.0
ridge,EGY,2017,train,31.5,38.25502502871445,-6.755025028714449,1.0
ridge,ESP,2003,train,31.8,38.07888770435048,-6.278887704350478,2.0
ridge,ESP,2004,train,33.3,37.785885328053574,-4.485885328053577,2.0
ridge,ESP,2005,train,32.4,37.29721123622425,-4.897211236224251,2.0
ridge,ESP,2006,train,33.5,37.26911796346285,-3.769117963462847,2.0
ridge,ESP,2007,train,34.1,37.168668993165625,-3.0686689931656232,2.0
ridge,ESP,2008,train,34.2,37.23542492068282,-3.0354249206828143,2.0
ridge,ESP,2009,train,34.9,37.454084055075,-2.554084055075002,2.0
ridge,ESP,2010,train,35.2,36.589455922962664,-1.3894559229626608,2.0
ridge,ESP,2011,train,35.7,36.21009985264422,-0.5100998526442169,2.0
ridge,ESP,2012,train,35.4,36.2516207809695,-0.8516207809695047,2.0
ridge,ESP,2013,train,36.2,36.09054149376578,0.10945850623422615,2.0
ridge,ESP,2014,train,36.1,36.0871787439878,0.012821256012202298,2.0
ridge,ESP,2015,train,36.2,35.69484944704003,0.5051505529599751,2.0
ridge,ESP,2016,train,35.8,35.73340670692699,0.0665932930730051,2.0
ridge,ESP,2017,train,34.7,35.85019334574725,-1.1501933457472475,2.0
ridge,ESP,2018,train,34.7,35.90702182685189,-1.2070218268518857,2.0
ridge,EST,2001,train,36.0,34.461466034770936,1.538533965229064,2.0
ridge,EST,2002,train,35.8,33.93706551820058,1.8629344817994138,2.0
ridge,EST,2003,train,37.2,33.373192018086705,3.826807981913298,2.0
ridge,EST,2004,train,33.6,32.565531524977324,1.0344684750226776,2.0
ridge,EST,2005,train,33.4,31.810630657907424,1.5893693420925743,2.0
ridge,EST,2006,train,33.7,31.337225162431025,2.3627748375689777,2.0
ridge,EST,2007,train,31.2,30.6325194704005,0.5674805295995,2.0
ridge,EST,2008,train,31.9,30.726610075840448,1.173389924159551,2.0
ridge,EST,2009,train,31.4,31.395559494535163,0.004440505464835098,2.0
ridge,EST,2010,train,32.0,29.92979798379327,2.0702020162067285,2.0
ridge,EST,2011,train,32.5,28.869380145895803,3.6306198541041965,2.0
ridge,EST,2012,train,32.9,29.008430404581546,3.891569595418453,2.0
ridge,EST,2013,train,35.1,29.250605473152838,5.849394526847163,2.0
ridge,EST,2014,train,34.6,29.696384484900822,4.90361551509918,2.0
ridge,EST,2015,train,32.7,29.894464120924223,2.80553587907578,2.0
ridge,EST,2016,train,31.2,29.73836062699664,1.461639373003358,2.0
ridge,EST,2017,train,30.4,29.52207342035864,0.8779265796413576,2.0
ridge,EST,2018,train,30.3,29.563203694030175,0.7367963059698255,2.0
ridge,ETH,2004,train,29.8,39.645901149789076,-9.845901149789075,0.0
ridge,ETH,2010,train,33.2,35.76439544642665,-2.5643954464266443,0.0
ridge,ETH,2015,train,35.0,38.106041126765064,-3.1060411267650636,0.0
ridge,FIN,2003,train,27.7,28.393879301137364,-0.6938793011373647,2.0
ridge,FIN,2004,train,27.9,30.044705576013254,-2.144705576013255,2.0
ridge,FIN,2005,train,27.6,29.766844980204745,-2.1668449802047434,2.0
ridge,FIN,2006,train,28.0,29.504007177252515,-1.5040071772525145,2.0
ridge,FIN,2007,train,28.3,29.3654146398263,-1.065414639826301,2.0
ridge,FIN,2008,train,27.8,29.506467575243295,-1.7064675752432947,2.0
ridge,FIN,2009,train,27.5,30.37666702231496,-2.8766670223149617,2.0
ridge,FIN,2010,train,27.7,29.93009682188867,-2.2300968218886723,2.0
ridge,FIN,2011,train,27.6,29.90391774571352,-2.3039177457135196,2.0
ridge,FIN,2012,train,27.1,30.076533710072724,-2.9765337100727223,2.0
ridge,FIN,2013,train,27.2,27.04518756952502,0.15481243047497983,2.0
ridge,FIN,2014,train,26.8,26.99940741432595,-0.19940741432595033,2.0
ridge,FIN,2015,train,27.1,26.814588822728957,0.2854111772710439,2.0
ridge,FIN,2016,train,27.1,26.628187874067734,0.4718121259322672,2.0
ridge,FIN,2017,train,27.4,26.348295944894986,1.051704055105013,2.0
ridge,FIN,2018,train,27.3,26.228166208869947,1.0718337911300537,2.0
ridge,FJI,2002,train,38.1,40.164170313315985,-2.0641703133159837,1.0
ridge,FJI,2008,train,40.4,40.37109713167139,0.028902868328607667,1.0
ridge,FRA,2001,train,32.5,37.21030570582009,-4.71030570582009,2.0
ridge,FRA,2002,train,31.8,37.1233828446915,-5.323382844691498,2.0
ridge,FRA,2003,train,31.4,37.06978402025548,-5.669784020255484,2.0
ridge,FRA,2004,train,30.6,36.770563338940406,-6.170563338940404,2.0
ridge,FRA,2005,train,29.8,36.31145584937504,-6.511455849375036,2.0
ridge,FRA,2006,train,29.7,36.15565512595298,-6.455655125952983,2.0
ridge,FRA,2007,train,32.4,36.01517327194434,-3.615173271944343,2.0
ridge,FRA,2008,train,33.0,36.049041184751715,-3.049041184751715,2.0
ridge,FRA,2009,train,32.7,36.25821603600424,-3.5582160360042394,2.0
ridge,FRA,2010,train,33.7,35.77164525290624,-2.0716452529062366,2.0
ridge,FRA,2011,train,33.3,35.45137418852127,-2.151374188521274,2.0
ridge,FRA,2012,train,33.1,35.32793798024793,-2.2279379802479298,2.0
ridge,FRA,2013,train,32.5,35.271429296436615,-2.771429296436615,2.0
ridge,FRA,2014,train,32.3,35.06799251707548,-2.767992517075484,2.0
ridge,FRA,2015,train,32.7,34.931507811107906,-2.231507811107903,2.0
ridge,FRA,2016,train,31.9,35.11083112960194,-3.2108311296019423,2.0
ridge,FRA,2017,train,31.6,34.8485299621274,-3.2485299621273995,2.0
ridge,FRA,2018,train,32.4,34.643026407976095,-2.243026407976096,2.0
ridge,FSM,2005,train,42.4,39.84878675681754,2.5512132431824597,
ridge,GBR,2000,train,38.9,38.45360721822617,0.4463927817738309,2.0
ridge,GBR,2001,train,37.1,38.168246134433126,-1.0682461344331244,2.0
ridge,GBR,2002,train,35.1,37.51710534832864,-2.41710534832864,2.0
ridge,GBR,2003,train,34.9,37.10840685655552,-2.20840685655552,2.0
ridge,GBR,2004,train,34.8,36.50499280774874,-1.704992807748745,2.0
ridge,GBR,2005,train,35.5,36.023155591331644,-0.5231555913316441,2.0
ridge,GBR,2006,train,35.9,36.01587204521129,-0.11587204521129024,2.0
ridge,GBR,2007,train,34.4,35.81250740736104,-1.4125074073610406,2.0
ridge,GBR,2008,train,35.4,35.09425125988485,0.3057487401151491,2.0
ridge,GBR,2009,train,35.1,34.72189193566627,0.37810806433373045,2.0
ridge,GBR,2010,train,33.7,34.1598603511501,-0.45986035115009827,2.0
ridge,GBR,2011,train,33.2,34.82605222879952,-1.6260522287995158,2.0
ridge,GBR,2012,train,33.1,34.84850502773679,-1.7485050277367904,2.0
ridge,GBR,2013,train,32.7,32.868002316862395,-0.16800231686239187,2.0
ridge,GBR,2014,train,33.1,32.6610931695075,0.438906830492499,2.0
ridge,GBR,2015,train,33.3,32.948871074938594,0.3511289250614027,2.0
ridge,GBR,2017,train,32.6,32.78029894874738,-0.18029894874737806,2.0
ridge,GBR,2018,train,33.7,33.10767731207968,0.5923226879203227,2.0
ridge,GEO,2000,train,40.5,36.857501845229805,3.6424981547701947,2.0
ridge,GEO,2001,train,39.6,35.80711793224568,3.79288206775432,2.0
ridge,GEO,2002,train,37.2,35.37676065829708,1.823239341702923,2.0
ridge,GEO,2003,train,36.6,34.57838211422355,2.0216178857764504,2.0
ridge,GEO,2004,train,36.2,34.85370036462975,1.3462996353702508,2.0
ridge,GEO,2005,train,37.4,33.647270599218835,3.7527294007811633,2.0
ridge,GEO,2006,train,36.9,35.3180940170469,1.5819059829530957,2.0
ridge,GEO,2007,train,38.1,34.05505192438124,4.044948075618763,2.0
ridge,GEO,2008,train,38.5,33.89328675582418,4.606713244175822,2.0
ridge,GEO,2009,train,38.2,34.605252746032676,3.594747253967327,2.0
ridge,GEO,2013,train,38.6,33.57889601144067,5.021103988559332,2.0
ridge,GEO,2014,train,37.6,33.37089990063076,4.229100099369241,2.0
ridge,GEO,2015,train,36.5,33.253860063191766,3.246139936808234,2.0
ridge,GEO,2016,train,36.6,33.16014079076259,3.4398592092374116,2.0
ridge,GEO,2017,train,37.9,32.93223660770296,4.967763392297037,2.0
ridge,GEO,2018,train,36.4,32.34941757418607,4.0505824258139285,2.0
ridge,GHA,2005,train,42.8,28.89523347032956,13.904766529670436,0.0
ridge,GHA,2012,train,42.4,35.249084854030805,7.1509151459691935,0.0
ridge,GHA,2016,train,43.5,35.061194391540084,8.438805608459916,0.0
ridge,GIN,1991,train,45.6,50.74083279081108,-5.140832790811082,0.0
ridge,GIN,1994,train,46.1,50.80246587375019,-4.702465873750185,0.0
ridge,GIN,2002,train,43.0,47.70939406738776,-4.709394067387763,0.0
ridge,GIN,2012,train,33.7,44.13555283858994,-10.435552838589935,0.0
ridge,GMB,2010,train,43.6,40.764784066845884,2.8352159331541174,0.0
ridge,GRC,2000,train,34.4,39.37681132697493,-4.976811326974932,2.0
ridge,GRC,2002,train,35.5,38.779231447502426,-3.2792314475024256,2.0
ridge,GRC,2003,train,32.8,38.669615501517185,-5.869615501517188,2.0
ridge,GRC,2004,train,33.6,38.81567650661387,-5.2156765066138675,2.0
ridge,GRC,2005,train,34.6,38.451537993789756,-3.851537993789755,2.0
ridge,GRC,2006,train,35.1,37.91691358569716,-2.816913585697158,2.0
ridge,GRC,2007,train,34.0,38.11415888593862,-4.114158885938622,2.0
ridge,GRC,2010,train,34.1,37.83038593069293,-3.7303859306929255,2.0
ridge,GRC,2011,train,34.8,37.94216544221742,-3.1421654422174257,2.0
ridge,GRC,2012,train,36.3,37.40121449387024,-1.1012144938702448,2.0
ridge,GRC,2013,train,36.1,37.538285660270724,-1.4382856602707221,2.0
ridge,GRC,2014,train,35.8,37.68634673205978,-1.8863467320597849,2.0
ridge,GRC,2015,train,36.0,37.392267751462015,-1.3922677514620148,2.0
ridge,GRC,2016,train,35.0,38.226942713371834,-3.226942713371834,2.0
ridge,GRC,2017,train,34.4,37.69535491465546,-3.295354914655462,2.0
ridge,GRC,2018,train,32.9,37.30415491087744,-4.404154910877445,2.0
ridge,GRD,2018,train,43.8,37.90886020407355,5.891139795926449,1.0
ridge,GTM,1998,train,49.4,49.78323159675644,-0.38323159675643836,1.0
ridge,GTM,2000,train,54.2,49.39102568349063,4.808974316509371,1.0
ridge,GTM,2006,train,54.5,51.98536448083813,2.514635519161871,1.0
ridge,GTM,2014,train,48.3,49.06659757985976,-0.7665975798597628,1.0
ridge,HND,1991,train,51.8,53.89887276490501,-2.0988727649050105,1.0
ridge,HND,1993,train,53.4,53.486790704165514,-0.08679070416551582,1.0
ridge,HND,2006,train,57.5,48.45390280391043,9.046097196089569,1.0
ridge,HND,2007,train,55.8,48.06877631352701,7.731223686472987,1.0
ridge,HND,2008,train,55.5,47.8304798380611,7.669520161938898,1.0
ridge,HND,2010,train,53.1,47.94004027431765,5.159959725682349,1.0
ridge,HND,2011,train,52.6,46.452404422627424,6.147595577372577,1.0
ridge,HND,2012,train,53.4,46.93792972164526,6.462070278354737,1.0
ridge,HND,2013,train,50.0,47.51263011545029,2.4873698845497074,1.0
ridge,HND,2014,train,49.9,48.12651628850621,1.773483711493789,1.0
ridge,HND,2015,train,49.2,48.1656303245529,1.0343696754471026,1.0
ridge,HND,2016,train,49.8,47.935952031503376,1.864047968496621,1.0
ridge,HND,2017,train,49.4,47.71525458749955,1.6847454125004475,1.0
ridge,HRV,2001,train,31.1,35.297441601868876,-4.197441601868874,2.0
ridge,HRV,2008,train,33.7,33.79722417182819,-0.09722417182818788,2.0
ridge,HRV,2009,train,32.6,33.94097730068525,-1.3409773006852461,2.0
ridge,HRV,2010,train,32.4,33.94231414266501,-1.5423141426650133,2.0
ridge,HRV,2011,train,32.3,33.440945610498204,-1.140945610498207,2.0
ridge,HRV,2012,train,32.5,33.269567910075935,-0.769567910075935,2.0
ridge,HRV,2013,train,32.0,32.81810121460439,-0.8181012146043898,2.0
ridge,HRV,2014,train,32.1,32.64676083612196,-0.5467608361219618,2.0
ridge,HRV,2015,train,31.1,32.44970149213491,-1.349701492134912,2.0
ridge,HRV,2016,train,30.9,32.197135044580484,-1.297135044580486,2.0
ridge,HRV,2017,train,30.4,31.98951337859309,-1.589513378593093,2.0
ridge,HRV,2018,train,29.7,31.669421942376836,-1.9694219423768367,2.0
ridge,HUN,2001,train,26.9,34.31555656596965,-7.415556565969652,2.0
ridge,HUN,2002,train,26.8,34.44424573801868,-7.644245738018679,2.0
ridge,HUN,2003,train,30.9,33.807200208322264,-2.9072002083222657,2.0
ridge,HUN,2004,train,29.9,33.5520569751923,-3.652056975192302,2.0
ridge,HUN,2005,train,34.7,33.326454008713654,1.373545991286349,2.0
ridge,HUN,2006,train,28.3,32.53674883328284,-4.236748833282842,2.0
ridge,HUN,2007,train,27.9,32.27044059534015,-4.370440595340149,2.0
ridge,HUN,2008,train,27.5,31.86969753577428,-4.369697535774279,2.0
ridge,HUN,2009,train,27.0,32.10699764133807,-5.106997641338069,2.0
ridge,HUN,2010,train,29.4,31.5728120306258,-2.1728120306258027,2.0
ridge,HUN,2011,train,29.2,30.82802119109677,-1.6280211910967708,2.0
ridge,HUN,2012,train,30.8,31.195126916371652,-0.39512691637165176,2.0
ridge,HUN,2013,train,31.5,30.558446054515315,0.9415539454846851,2.0
ridge,HUN,2014,train,30.9,30.678485299418384,0.22151470058161493,2.0
ridge,HUN,2015,train,30.4,30.57017146566276,-0.17017146566276153,2.0
ridge,HUN,2016,train,30.3,30.78513966802507,-0.48513966802507014,2.0
ridge,HUN,2017,train,30.6,30.538886198725493,0.06111380127450872,2.0
ridge,IDN,1990,train,31.1,45.91732228726931,-14.817322287269306,1.0
ridge,IDN,1993,train,31.8,46.821176526988815,-15.021176526988814,1.0
ridge,IDN,1996,train,34.2,44.809707277620916,-10.609707277620913,1.0
ridge,IDN,1998,train,30.9,42.819527902684605,-11.919527902684607,1.0
ridge,IDN,1999,train,30.8,42.602170874841,-11.802170874841,1.0
ridge,IDN,2000,train,30.3,42.89523602612788,-12.595236026127882,1.0
ridge,IDN,2001,train,31.2,42.740931711600616,-11.540931711600617,1.0
ridge,IDN,2002,train,30.2,42.45456360312535,-12.254563603125352,1.0
ridge,IDN,2003,train,29.3,42.428062937021394,-13.128062937021394,1.0
ridge,IDN,2004,train,30.4,41.87270612353989,-11.472706123539893,1.0
ridge,IDN,2005,train,29.9,41.75574290255849,-11.85574290255849,1.0
ridge,IDN,2006,train,31.5,41.12933626044999,-9.629336260449989,1.0
ridge,IDN,2007,train,33.2,40.962527001173065,-7.762527001173062,1.0
ridge,IDN,2008,train,32.6,40.2223494311494,-7.622349431149395,1.0
ridge,IDN,2009,train,33.4,39.304893300703235,-5.904893300703236,1.0
ridge,IDN,2010,train,34.6,40.29101760214637,-5.691017602146367,1.0
ridge,IDN,2011,train,37.9,39.884731773852025,-1.984731773852026,1.0
ridge,IDN,2012,train,37.1,39.57864966437887,-2.478649664378871,1.0
ridge,IDN,2013,train,38.9,39.28459648739633,-0.3845964873963297,1.0
ridge,IDN,2014,train,38.8,39.0881270837614,-0.2881270837614025,1.0
ridge,IDN,2015,train,38.2,38.671053873944814,-0.47105387394481113,1.0
ridge,IDN,2016,train,36.9,38.722016087042036,-1.8220160870420372,1.0
ridge,IDN,2017,train,36.4,38.187515939336905,-1.787515939336906,1.0
ridge,IDN,2018,train,36.3,38.046768156188925,-1.746768156188928,1.0
ridge,IND,1993,train,26.1,37.996691652097155,-11.896691652097154,0.0
ridge,IND,2004,train,27.7,37.500549904656715,-9.800549904656716,0.0
ridge,IND,2009,train,27.8,35.36393858223795,-7.563938582237949,0.0
ridge,IND,2011,train,28.8,33.688084400690244,-4.888084400690243,0.0
ridge,IRL,2002,train,32.3,29.43923583400051,2.8607641659994876,2.0
ridge,IRL,2003,train,32.9,30.1541743641717,2.7458256358283,2.0
ridge,IRL,2004,train,33.6,29.808487411723203,3.791512588276799,2.0
ridge,IRL,2005,train,33.8,29.890642743029204,3.909357256970793,2.0
ridge,IRL,2006,train,32.7,29.666061938870893,3.03393806112911,2.0
ridge,IRL,2007,train,31.9,29.59397829854906,2.3060217014509377,2.0
ridge,IRL,2008,train,30.9,29.77340181961564,1.1265981803843594,2.0
ridge,IRL,2009,train,32.7,28.965743682622247,3.7342563173777563,2.0
ridge,IRL,2010,train,32.3,28.70176464095038,3.5982353590496174,2.0
ridge,IRL,2011,train,32.9,29.395866691591436,3.504133308408562,2.0
ridge,IRL,2012,train,33.2,29.454726317981297,3.7452736820187056,2.0
ridge,IRL,2014,train,31.9,29.08844291238247,2.8115570876175298,2.0
ridge,IRL,2015,train,31.8,26.101173204873025,5.698826795126976,2.0
ridge,IRL,2016,train,32.8,25.91348339234803,6.886516607651966,2.0
ridge,IRL,2017,train,31.4,25.115645989716633,6.284354010283366,2.0
ridge,IRL,2018,train,30.6,22.876406543392736,7.723593456607265,2.0
ridge,IRN,1990,train,43.6,47.609434047272025,-4.009434047272023,1.0
ridge,IRN,1994,train,43.0,43.96645881865688,-0.9664588186568821,1.0
ridge,IRN,2005,train,43.6,40.682987114820264,2.9170128851797372,1.0
ridge,IRN,2006,train,44.8,39.969835489561326,4.830164510438671,1.0
ridge,IRN,2009,train,42.1,41.0051980088498,1.0948019911501987,1.0
ridge,IRN,2011,train,34.7,40.43251418816716,-5.732514188167158,1.0
ridge,IRN,2012,train,34.4,39.76435389244145,-5.36435389244145,1.0
ridge,IRN,2013,train,34.0,38.791983992184214,-4.791983992184214,1.0
ridge,IRN,2014,train,34.8,38.63434365271537,-3.8343436527153756,1.0
ridge,IRN,2015,train,35.3,38.95778639388969,-3.657786393889694,1.0
ridge,IRN,2016,train,35.9,38.96793181152174,-3.0679318115217384,1.0
ridge,IRN,2017,train,36.7,38.45788847915689,-1.7578884791568896,1.0
ridge,ISL,2003,train,26.8,32.3504748082679,-5.5504748082678965,2.0
ridge,ISL,2004,train,28.0,33.10000666000515,-5.10000666000515,2.0
ridge,ISL,2005,train,29.0,32.95992882261582,-3.9599288226158222,2.0
ridge,ISL,2006,train,30.2,32.35754627797986,-2.1575462779798578,2.0
ridge,ISL,2007,train,29.5,33.1341790813443,-3.6341790813443,2.0
ridge,ISL,2008,train,31.8,32.192716314640435,-0.39271631464043466,2.0
ridge,ISL,2009,train,28.7,32.17419192721788,-3.474191927217884,2.0
ridge,ISL,2010,train,26.2,31.16985863526654,-4.96985863526654,2.0
ridge,ISL,2011,train,26.8,30.572519451939886,-3.7725194519398855,2.0
ridge,ISL,2012,train,26.8,30.281435355717377,-3.4814353557173767,2.0
ridge,ISL,2013,train,25.4,29.951969749438287,-4.551969749438289,2.0
ridge,ISL,2014,train,27.8,30.383023937253093,-2.583023937253092,2.0
ridge,ISL,2015,train,26.8,30.549332064015204,-3.749332064015203,2.0
ridge,ISL,2016,train,27.2,31.23393389480187,-4.033933894801869,2.0
ridge,ISL,2017,train,26.1,31.382136572394092,-5.282136572394091,2.0
ridge,ISL,2018,train,26.6,30.88620225951874,-4.286202259518738,2.0
ridge,ISR,2001,train,38.9,39.25443159776393,-0.3544315977639343,2.0
ridge,ISR,2002,train,39.6,38.81092203260833,0.7890779673916697,2.0
ridge,ISR,2003,train,40.7,39.02849145651576,1.6715085434842436,2.0
ridge,ISR,2004,train,41.5,39.183880076133676,2.3161199238663244,2.0
ridge,ISR,2005,train,42.3,38.19140805310357,4.108591946896425,2.0
ridge,ISR,2006,train,41.6,37.468177167598064,4.131822832401937,2.0
ridge,ISR,2007,train,41.1,36.631908638318606,4.468091361681395,2.0
ridge,ISR,2008,train,41.6,36.82127392701528,4.778726072984725,2.0
ridge,ISR,2009,train,42.6,37.06591165469437,5.5340883453056335,2.0
ridge,ISR,2010,train,42.6,36.73251659992652,5.867483400073482,2.0
ridge,ISR,2011,train,41.5,36.553681536037026,4.9463184639629745,2.0
ridge,ISR,2012,train,41.3,36.522312465018075,4.777687534981922,2.0
ridge,ISR,2013,train,39.9,36.35061565857399,3.5493843414260056,2.0
ridge,ISR,2014,train,39.8,36.361681987029556,3.4383180129704414,2.0
ridge,ISR,2015,train,39.7,36.39136769389861,3.3086323061013942,2.0
ridge,ISR,2016,train,39.0,36.29100196783886,2.7089980321611407,2.0
ridge,ISR,2017,train,38.2,36.397288099190554,1.8027119008094488,2.0
ridge,ISR,2018,train,38.6,36.026517247984216,2.573482752015785,2.0
ridge,ITA,2002,train,34.7,37.475089462022126,-2.775089462022123,2.0
ridge,ITA,2003,train,34.9,37.43795814493119,-2.5379581449311885,2.0
ridge,ITA,2004,train,34.3,37.26639066883219,-2.96639066883219,2.0
ridge,ITA,2005,train,33.8,37.150302091130825,-3.3503020911308283,2.0
ridge,ITA,2006,train,33.7,36.82602635396671,-3.126026353966708,2.0
ridge,ITA,2007,train,32.9,36.63888266549822,-3.738882665498224,2.0
ridge,ITA,2008,train,33.8,36.51495224890425,-2.714952248904254,2.0
ridge,ITA,2009,train,33.8,37.024389851087406,-3.224389851087409,2.0
ridge,ITA,2010,train,34.7,36.53614348470454,-1.836143484704536,2.0
ridge,ITA,2011,train,35.1,36.43664731128703,-1.336647311287031,2.0
ridge,ITA,2012,train,35.2,36.45726054143739,-1.2572605414373896,2.0
ridge,ITA,2013,train,34.9,36.329286035405495,-1.4292860354054966,2.0
ridge,ITA,2014,train,34.7,36.317543665314695,-1.6175436653146917,2.0
ridge,ITA,2015,train,35.4,36.17981860887521,-0.7798186088752104,2.0
ridge,ITA,2016,train,35.2,36.07541455990206,-0.8754145599020546,2.0
ridge,ITA,2017,train,35.9,35.79317216743951,0.10682783256049078,2.0
ridge,ITA,2018,train,35.2,35.56593971798017,-0.36593971798016867,2.0
ridge,JAM,1993,train,35.7,45.37649495618784,-9.676494956187838,1.0
ridge,JAM,1999,train,44.1,45.08854668528268,-0.9885466852826781,1.0
ridge,JAM,2002,train,48.3,45.597236366717965,2.702763633282032,1.0
ridge,JAM,2004,train,45.5,44.79821561251002,0.7017843874899796,1.0
ridge,JAM,2018,train,35.3,41.98158831771084,-6.68158831771084,1.0
ridge,JOR,1992,train,43.1,48.316292340113506,-5.216292340113505,2.0
ridge,JOR,2002,train,37.0,47.44407863693682,-10.444078636936823,2.0
ridge,JOR,2006,train,33.9,44.44059634920818,-10.54059634920818,2.0
ridge,JOR,2008,train,32.6,42.642657214171464,-10.042657214171463,2.0
ridge,JOR,2010,train,33.7,43.08508285888116,-9.385082858881155,2.0
ridge,JPN,2013,train,31.5,37.23286256166575,-5.732862561665748,2.0
ridge,JPN,2014,train,31.3,37.02767119828913,-5.727671198289126,2.0
ridge,JPN,2015,train,30.7,36.79391595272235,-6.093915952722352,2.0
ridge,JPN,2016,train,31.8,36.88014833342502,-5.080148333425019,2.0
ridge,JPN,2017,train,31.8,36.80899623238863,-5.008996232388629,2.0
ridge,JPN,2018,train,32.9,36.68102205222593,-3.7810220522259286,2.0
ridge,KAZ,1993,train,32.7,37.33582154661556,-4.63582154661556,2.0
ridge,KAZ,2006,train,30.2,34.57849502623632,-4.378495026236319,2.0
ridge,KAZ,2010,train,28.0,34.76864371261447,-6.76864371261447,2.0
ridge,KAZ,2011,train,28.0,33.79803825682297,-5.79803825682297,2.0
ridge,KAZ,2012,train,28.2,33.84837148380586,-5.648371483805864,2.0
ridge,KAZ,2013,train,27.1,34.2895205094315,-7.189520509431496,2.0
ridge,KAZ,2014,train,27.0,34.163593005505454,-7.163593005505454,2.0
ridge,KAZ,2015,train,26.8,34.687603127669526,-7.887603127669525,2.0
ridge,KAZ,2016,train,27.2,34.372003564636344,-7.172003564636345,2.0
ridge,KAZ,2017,train,27.5,34.533607658969224,-7.033607658969224,2.0
ridge,KAZ,2018,train,27.8,34.490784093741055,-6.690784093741055,2.0
ridge,KEN,2005,train,46.4,34.39093851799152,12.009061482008477,0.0
ridge,KEN,2015,train,40.8,33.61316991286956,7.1868300871304385,0.0
ridge,KGZ,2000,train,31.0,26.940375858308286,4.059624141691714,1.0
ridge,KGZ,2001,train,30.2,27.719117384831133,2.4808826151688663,1.0
ridge,KGZ,2002,train,30.3,28.207361709941082,2.092638290058918,1.0
ridge,KGZ,2003,train,28.7,28.27327098542298,0.4267290145770204,1.0
ridge,KGZ,2004,train,34.8,29.048214563861837,5.75178543613816,1.0
ridge,KGZ,2005,train,32.6,30.270422065601483,2.329577934398518,1.0
ridge,KGZ,2006,train,37.4,29.516961150516924,7.883038849483075,1.0
ridge,KGZ,2007,train,33.9,29.978077013969877,3.921922986030122,1.0
ridge,KGZ,2009,train,29.9,32.47108737048156,-2.571087370481564,1.0
ridge,KGZ,2010,train,30.1,32.64241921809821,-2.5424192180982104,1.0
ridge,KGZ,2011,train,27.8,32.24963487673194,-4.449634876731938,1.0
ridge,KGZ,2012,train,27.4,32.458696705272345,-5.058696705272347,1.0
ridge,KGZ,2013,train,28.8,32.73612841345946,-3.9361284134594605,1.0
ridge,KGZ,2014,train,26.8,33.00195371735031,-6.20195371735031,1.0
ridge,KGZ,2015,train,29.0,33.55860102566209,-4.558601025662092,1.0
ridge,KGZ,2016,train,26.8,33.4430175946023,-6.643017594602302,1.0
ridge,KGZ,2017,train,27.3,33.51190534953766,-6.211905349537663,1.0
ridge,KGZ,2018,train,27.7,33.52541034022633,-5.82541034022633,1.0
ridge,KIR,2006,train,37.0,34.21869596164836,2.7813040383516423,
ridge,KOR,2006,train,31.7,37.05678121079324,-5.35678121079324,2.0
ridge,KOR,2008,train,32.3,36.71372231165517,-4.413722311655171,2.0
ridge,KOR,2010,train,32.0,35.10373437737818,-3.1037343773781814,2.0
ridge,KOR,2012,train,31.6,34.17335623188444,-2.573356231884439,2.0
ridge,KOR,2014,train,31.2,33.89315285296294,-2.6931528529629425,2.0
ridge,KOR,2016,train,35.2,33.83968494902181,1.360315050978194,2.0
ridge,KOR,2017,train,34.9,33.33789586337771,1.5621041366222883,2.0
ridge,KOR,2018,train,33.7,33.06941559204569,0.6305844079543164,2.0
ridge,LAO,1992,train,34.3,32.6469800553912,1.6530199446088005,0.0
ridge,LAO,1997,train,34.9,30.106391342109237,4.793608657890761,0.0
ridge,LAO,2002,train,32.6,34.70459183048589,-2.1045918304858873,0.0
ridge,LAO,2007,train,35.4,35.662494895206066,-0.2624948952060677,0.0
ridge,LAO,2012,train,36.0,34.31861354029745,1.6813864597025514,0.0
ridge,LAO,2018,train,38.8,32.099930883133396,6.700069116866601,0.0
ridge,LBN,2011,train,31.8,48.56998742148488,-16.76998742148488,2.0
ridge,LBR,2014,train,33.2,36.854423843433516,-3.654423843433513,0.0
ridge,LCA,2015,train,43.7,39.66344893163554,4.03655106836446,1.0
ridge,LKA,1990,train,32.4,34.18067293717544,-1.7806729371754386,1.0
ridge,LKA,1995,train,35.4,32.274381209289565,3.1256187907104334,1.0
ridge,LKA,2012,train,38.7,32.48658070584367,6.213419294156331,1.0
ridge,LKA,2016,train,39.3,34.61318388967922,4.686816110320777,1.0
ridge,LSO,1994,train,63.0,54.92755543553391,8.072444564466089,1.0
ridge,LSO,2002,train,51.2,52.133788674005295,-0.9337886740052923,1.0
ridge,LSO,2017,train,44.9,42.99521920852642,1.904780791473577,1.0
ridge,LTU,2001,train,32.0,35.731396251748556,-3.7313962517485564,2.0
ridge,LTU,2002,train,31.9,35.28543072992553,-3.385430729925531,2.0
ridge,LTU,2003,train,35.5,34.6182710452876,0.8817289547124005,2.0
ridge,LTU,2004,train,37.0,34.14655909505424,2.8534409049457565,2.0
ridge,LTU,2005,train,35.3,33.23117926254303,2.068820737456967,2.0
ridge,LTU,2006,train,34.4,32.455586343370854,1.9444136566291448,2.0
ridge,LTU,2007,train,34.8,32.64587128497038,2.1541287150296142,2.0
ridge,LTU,2008,train,35.7,31.946687232089477,3.7533127679105256,2.0
ridge,LTU,2009,train,37.2,33.398214159131165,3.8017858408688383,2.0
ridge,LTU,2010,train,33.6,31.816878236283323,1.7831217637166787,2.0
ridge,LTU,2011,train,32.5,30.652072073046075,1.8479279269539255,2.0
ridge,LTU,2012,train,35.1,30.366760389423916,4.733239610576085,2.0
ridge,LTU,2013,train,35.3,30.571122869913342,4.728877130086655,2.0
ridge,LTU,2014,train,37.7,30.58892842377812,7.111071576221882,2.0
ridge,LTU,2015,train,37.4,30.459295029140755,6.940704970859244,2.0
ridge,LTU,2016,train,38.4,30.636788407889675,7.7632115921103235,2.0
ridge,LTU,2017,train,37.3,29.95053157755016,7.349468422449839,2.0
ridge,LTU,2018,train,35.7,30.001911770847233,5.69808822915277,2.0
ridge,LUX,2001,train,30.9,32.897770674569976,-1.9977706745699777,2.0
ridge,LUX,2002,train,31.1,32.782574111610295,-1.6825741116102932,2.0
ridge,LUX,2003,train,30.2,32.501591025734164,-2.301591025734165,2.0
ridge,LUX,2004,train,30.2,31.800255222809138,-1.600255222809139,2.0
ridge,LUX,2005,train,30.8,31.483457812030714,-0.6834578120307135,2.0
ridge,LUX,2006,train,30.9,31.28221516189969,-0.3822151618996905,2.0
ridge,LUX,2007,train,31.1,30.745274582060187,0.3547254179398145,2.0
ridge,LUX,2008,train,32.6,30.714874291527966,1.8851257084720352,2.0
ridge,LUX,2010,train,30.5,29.843410726401768,0.6565892735982324,2.0
ridge,LUX,2011,train,32.1,29.428461118477852,2.6715388815221495,2.0
ridge,LUX,2012,train,34.3,29.17649265334414,5.123507346655856,2.0
ridge,LUX,2013,train,32.0,28.424069178073015,3.5759308219269847,2.0
ridge,LUX,2014,train,31.2,27.660969569079075,3.539030430920924,2.0
ridge,LUX,2015,train,32.9,28.888167581360452,4.011832418639546,2.0
ridge,LUX,2016,train,31.7,28.68343790648985,3.0165620935101494,2.0
ridge,LUX,2017,train,34.5,28.69874699965656,5.80125300034344,2.0
ridge,LUX,2018,train,35.4,28.291372245186576,7.108627754813423,2.0
ridge,LVA,2002,train,35.1,36.61492807562257,-1.5149280756225707,2.0
ridge,LVA,2003,train,36.5,36.13500753608378,0.36499246391621654,2.0
ridge,LVA,2004,train,36.4,35.25406180258154,1.1459381974184595,2.0
ridge,LVA,2005,train,39.0,34.98092337981262,4.019076620187377,2.0
ridge,LVA,2006,train,35.6,34.503399450386475,1.0966005496135267,2.0
ridge,LVA,2007,train,37.5,34.23927146136732,3.2607285386326765,2.0
ridge,LVA,2008,train,37.2,33.99318684687245,3.2068131531275554,2.0
ridge,LVA,2009,train,35.9,35.0425077155117,0.857492284488302,2.0
ridge,LVA,2010,train,35.0,33.663952728442,1.3360472715580016,2.0
ridge,LVA,2011,train,35.8,32.75379629611634,3.0462037038836556,2.0
ridge,LVA,2012,train,35.2,32.575336161310005,2.6246638386899974,2.0
ridge,LVA,2013,train,35.5,31.9816865476681,3.518313452331899,2.0
ridge,LVA,2014,train,35.1,31.87291155596573,3.2270884440342726,2.0
ridge,LVA,2015,train,34.2,31.86740923314777,2.332590766852231,2.0
ridge,LVA,2016,train,34.3,31.995509031731164,2.3044909682688335,2.0
ridge,LVA,2017,train,35.6,31.293840314834043,4.306159685165959,2.0
ridge,LVA,2018,train,35.1,31.09964032872025,4.000359671279753,2.0
ridge,MAR,1990,train,39.2,53.153481630525064,-13.953481630525062,1.0
ridge,MAR,1998,train,39.4,51.79744420640293,-12.39744420640293,1.0
ridge,MAR,2000,train,40.6,52.574539678774386,-11.974539678774384,1.0
ridge,MAR,2006,train,40.7,49.43172884819792,-8.731728848197918,1.0
ridge,MDA,2010,train,32.1,34.030183166102006,-1.9301831661020046,1.0
ridge,MDA,2011,train,30.6,33.55868721265822,-2.9586872126582193,1.0
ridge,MDA,2012,train,29.2,33.86672399596957,-4.666723995969573,1.0
ridge,MDA,2013,train,28.5,33.235469348439196,-4.735469348439196,1.0
ridge,MDA,2014,train,26.8,30.93477444687523,-4.13477444687523,1.0
ridge,MDA,2015,train,27.0,31.756369582773736,-4.756369582773736,1.0
ridge,MDA,2016,train,26.3,31.461096147159427,-5.1610961471594266,1.0
ridge,MDA,2017,train,25.9,32.08623136160647,-6.186231361606474,1.0
ridge,MDA,2018,train,25.7,32.71925560812984,-7.019255608129843,1.0
ridge,MDG,2005,train,39.9,39.547543557608485,0.35245644239151375,0.0
ridge,MDG,2012,train,42.6,39.734729875593864,2.8652701244061376,0.0
ridge,MDV,2002,train,41.3,48.466460509819385,-7.166460509819387,1.0
ridge,MDV,2016,train,31.3,43.36561394962119,-12.065613949621191,1.0
ridge,MEX,2000,train,53.4,48.46644393999806,4.933556060001941,2.0
ridge,MEX,2002,train,50.6,48.121391664125845,2.4786083358741564,2.0
ridge,MEX,2004,train,50.3,47.09078086887051,3.209219131129487,2.0
ridge,MEX,2005,train,50.9,46.902523619629875,3.9974763803701236,2.0
ridge,MEX,2006,train,49.7,45.84955203328115,3.8504479667188534,2.0
ridge,MEX,2008,train,50.8,45.41162266082351,5.388377339176486,2.0
ridge,MEX,2010,train,47.7,45.182306836907074,2.517693163092929,2.0
ridge,MEX,2012,train,49.6,43.803477912060664,5.796522087939337,2.0
ridge,MEX,2014,train,48.9,43.38015027894391,5.51984972105609,2.0
ridge,MEX,2016,train,46.9,42.23692850317821,4.663071496821786,2.0
ridge,MEX,2018,train,46.0,41.31905515492877,4.680944845071231,2.0
ridge,MKD,1998,train,28.1,40.442237534319915,-12.342237534319914,1.0
ridge,MKD,2000,train,34.3,41.705784448840625,-7.4057844488406275,1.0
ridge,MKD,2002,train,38.5,40.47291978949046,-1.9729197894904615,1.0
ridge,MKD,2003,train,38.7,39.75591981564318,-1.055919815643179,1.0
ridge,MKD,2004,train,38.4,39.3889872083279,-0.9889872083278988,1.0
ridge,MKD,2005,train,39.3,39.66010102644205,-0.36010102644205233,1.0
ridge,MKD,2008,train,46.1,35.966731861014324,10.133268138985677,1.0
ridge,MKD,2009,train,42.8,36.85290059766873,5.947099402331268,1.0
ridge,MKD,2010,train,40.1,35.7826982751616,4.317301724838401,1.0
ridge,MKD,2012,train,38.1,35.06523903131231,3.034760968687692,1.0
ridge,MKD,2013,train,36.2,34.68548300006363,1.514516999936376,1.0
ridge,MKD,2014,train,35.2,33.827318807070334,1.3726811929296687,1.0
ridge,MKD,2015,train,35.6,33.37112177103286,2.2288782289671403,1.0
ridge,MKD,2017,train,34.2,33.559657851165205,0.6403421488347973,1.0
ridge,MKD,2018,train,33.0,32.880375980870255,0.11962401912974485,1.0
ridge,MLI,1994,train,50.1,45.959987801827545,4.140012198172457,0.0
ridge,MLI,2006,train,38.9,44.497442101850915,-5.597442101850916,0.0
ridge,MLI,2009,train,33.0,41.71213120971198,-8.712131209711977,0.0
ridge,MLI,2018,train,36.0,37.99865979823948,-1.9986597982394798,0.0
ridge,MLT,2006,train,28.0,39.88030238366231,-11.880302383662311,2.0
ridge,MLT,2007,train,29.2,39.75112988400433,-10.551129884004329,2.0
ridge,MLT,2008,train,29.0,39.31021140141541,-10.310211401415408,2.0
ridge,MLT,2010,train,29.0,39.09758774776742,-10.09758774776742,2.0
ridge,MLT,2011,train,29.1,39.505256381500544,-10.405256381500543,2.0
ridge,MLT,2012,train,29.4,38.90205192641877,-9.502051926418773,2.0
ridge,MLT,2013,train,28.8,39.077318336446254,-10.277318336446253,2.0
ridge,MLT,2014,train,29.0,39.22458148570092,-10.224581485700917,2.0
ridge,MLT,2015,train,29.4,38.928235399486695,-9.528235399486697,2.0
ridge,MLT,2016,train,29.1,38.65119488876707,-9.551194888767071,2.0
ridge,MLT,2017,train,29.2,37.922339789447285,-8.722339789447286,2.0
ridge,MLT,2018,train,28.7,36.89335798678236,-8.193357986782363,2.0
ridge,MMR,2017,train,30.7,28.556439081126655,2.1435609188733444,0.0
ridge,MNE,2005,train,30.2,33.633588846153394,-3.4335888461533948,2.0
ridge,MNE,2006,train,30.0,36.29900879379686,-6.299008793796858,2.0
ridge,MNE,2007,train,31.4,35.92303728055549,-4.523037280555492,2.0
ridge,MNE,2008,train,30.5,34.888288471395235,-4.388288471395235,2.0
ridge,MNE,2009,train,31.0,35.85755655413584,-4.85755655413584,2.0
ridge,MNE,2010,train,28.9,35.7008278277382,-6.800827827738203,2.0
ridge,MNE,2011,train,30.8,36.38438430818205,-5.584384308182049,2.0
ridge,MNE,2012,train,41.2,36.56133305050878,4.638666949491224,2.0
ridge,MNE,2015,train,39.0,35.98934685149399,3.010653148506009,2.0
ridge,MNE,2016,train,38.5,35.668119940711684,2.8318800592883164,2.0
ridge,MNE,2017,train,36.9,35.7350246328823,1.1649753671176981,2.0
ridge,MNE,2018,train,36.8,35.182229510182296,1.6177704898177012,2.0
ridge,MNG,1995,train,33.2,34.369275375744394,-1.169275375744391,1.0
ridge,MNG,1998,train,30.3,34.059393760060594,-3.7593937600605933,1.0
ridge,MNG,2002,train,32.9,38.099474378537025,-5.199474378537026,1.0
ridge,MNG,2010,train,33.1,38.09237330121641,-4.992373301216411,1.0
ridge,MNG,2018,train,32.7,33.606587482578355,-0.9065874825783524,1.0
ridge,MOZ,2002,train,46.9,50.00232997241382,-3.10232997241382,0.0
ridge,MOZ,2008,train,45.5,45.270133090596644,0.22986690940335563,0.0
ridge,MOZ,2014,train,54.0,39.81598711516194,14.184012884838062,0.0
ridge,MRT,1993,train,49.5,39.40972681227987,10.090273187720129,0.0
ridge,MRT,1995,train,37.7,38.917260634135346,-1.217260634135343,0.0
ridge,MRT,2000,train,39.0,38.1259861213022,0.8740138786978022,0.0
ridge,MRT,2004,train,40.2,38.26366021534038,1.9363397846596229,0.0
ridge,MRT,2008,train,35.7,39.68817489259965,-3.9881748925996447,0.0
ridge,MRT,2014,train,32.6,39.55411810087847,-6.954118100878468,0.0
ridge,MUS,2006,train,35.7,40.94865841016608,-5.24865841016608,1.0
ridge,MUS,2012,train,38.5,38.8164541038436,-0.31645410384359707,1.0
ridge,MUS,2017,train,36.8,37.01013696547316,-0.2101369654731613,1.0
ridge,MWI,2004,train,39.9,39.465514419934905,0.4344855800650933,0.0
ridge,MWI,2010,train,45.5,39.09936233140934,6.400637668590662,0.0
ridge,MWI,2016,train,44.7,38.697297877386724,6.002702122613279,0.0
ridge,MYS,1992,train,47.7,38.46520639805204,9.234793601947963,1.0
ridge,MYS,1995,train,48.5,37.287709762576995,11.212290237423005,1.0
ridge,MYS,1997,train,49.1,37.47202517247383,11.627974827526174,1.0
ridge,MYS,2003,train,46.4,36.06659661048046,10.333403389519539,1.0
ridge,MYS,2006,train,44.8,36.14550704701839,8.654492952981606,1.0
ridge,MYS,2008,train,45.5,34.928893358542055,10.571106641457945,1.0
ridge,MYS,2011,train,43.6,33.91628984000824,9.683710159991762,1.0
ridge,MYS,2013,train,41.3,34.5491843012421,6.750815698757897,1.0
ridge,MYS,2015,train,41.1,35.0176447717378,6.082355228262202,1.0
ridge,MYS,2018,train,41.2,35.58358265641943,5.616417343580572,1.0
ridge,NAM,1993,train,71.1,44.56154623771337,26.538453762286622,1.0
ridge,NAM,2003,train,63.3,43.005095249879425,20.294904750120573,1.0
ridge,NAM,2015,train,59.1,40.05704940675418,19.04295059324582,1.0
ridge,NER,1992,train,36.0,43.50057897444073,-7.500578974440728,0.0
ridge,NER,2005,train,44.4,40.302913666059595,4.097086333940403,0.0
ridge,NER,2007,train,37.3,41.007423437077186,-3.707423437077189,0.0
ridge,NER,2011,train,31.5,41.31527036728143,-9.815270367281428,0.0
ridge,NER,2014,train,34.3,40.441207131042276,-6.141207131042279,0.0
ridge,NGA,2010,train,35.7,32.81610432631749,2.8838956736825097,0.0
ridge,NGA,2012,train,35.5,33.070746099745385,2.429253900254615,0.0
ridge,NGA,2015,train,35.9,33.97304670387353,1.9269532961264701,0.0
ridge,NGA,2018,train,35.1,33.34885626628719,1.7511437337128086,0.0
ridge,NIC,1993,train,57.1,53.723302428964,3.3766975710360043,1.0
ridge,NIC,1998,train,54.4,48.237627749224,6.162372250775995,1.0
ridge,NIC,2001,train,52.9,47.15865030773529,5.741349692264706,1.0
ridge,NIC,2005,train,48.8,45.129900509582455,3.6700994904175417,1.0
ridge,NLD,2004,train,29.8,32.11157776039369,-2.3115777603936927,2.0
ridge,NLD,2005,train,29.0,31.912729388102086,-2.912729388102086,2.0
ridge,NLD,2006,train,30.0,31.340465522930856,-1.340465522930856,2.0
ridge,NLD,2007,train,29.6,31.081793050779115,-1.481793050779114,2.0
ridge,NLD,2008,train,29.3,31.03397683419952,-1.7339768341995203,2.0
ridge,NLD,2009,train,27.9,31.306551395165677,-3.4065513951656783,2.0
ridge,NLD,2010,train,27.8,30.717451482085373,-2.9174514820853723,2.0
ridge,NLD,2011,train,27.8,30.22169836309218,-2.4216983630921796,2.0
ridge,NLD,2012,train,27.6,31.47787043201849,-3.87787043201849,2.0
ridge,NLD,2015,train,28.2,31.280290076131198,-3.080290076131199,2.0
ridge,NLD,2016,train,28.2,31.605929893942665,-3.405929893942666,2.0
ridge,NLD,2017,train,28.5,31.126045012189056,-2.6260450121890564,2.0
ridge,NLD,2018,train,28.1,31.170824163843854,-3.0708241638438523,2.0
ridge,NOR,2003,train,27.6,29.762194333451884,-2.1621943334518825,2.0
ridge,NOR,2004,train,31.6,29.48985225224782,2.1101477477521797,2.0
ridge,NOR,2005,train,30.6,29.413189675606343,1.186810324393658,2.0
ridge,NOR,2006,train,26.4,29.163179792286392,-2.763179792286394,2.0
ridge,NOR,2007,train,27.1,29.46053534490218,-2.3605353449021784,2.0
ridge,NOR,2008,train,27.0,29.205780944107218,-2.205780944107218,2.0
ridge,NOR,2009,train,26.2,29.627767543907403,-3.427767543907404,2.0
ridge,NOR,2010,train,25.7,29.219861154286185,-3.519861154286186,2.0
ridge,NOR,2011,train,25.3,29.03726023781935,-3.737260237819349,2.0
ridge,NOR,2012,train,25.7,29.264521559651993,-3.5645215596519932,2.0
ridge,NOR,2013,train,26.4,29.092449505631116,-2.6924495056311173,2.0
ridge,NOR,2014,train,26.8,29.135234424055138,-2.3352344240551375,2.0
ridge,NOR,2015,train,27.5,28.936968832232964,-1.4369688322329637,2.0
ridge,NOR,2016,train,28.5,28.68503687354667,-0.18503687354667164,2.0
ridge,NOR,2017,train,27.0,28.309148569210233,-1.3091485692102331,2.0
ridge,NOR,2018,train,27.6,28.18981658015561,-0.5898165801556097,2.0
ridge,NPL,1995,train,35.2,34.65300427008565,0.5469957299143502,0.0
ridge,NPL,2003,train,43.8,38.36242188738462,5.437578112615377,0.0
ridge,NPL,2010,train,32.8,39.178008573083034,-6.3780085730830365,0.0
ridge,NRU,2012,train,32.4,48.30600555634572,-15.906005556345718,
ridge,PAK,1990,train,33.2,41.77284955165801,-8.57284955165801,0.0
ridge,PAK,2004,train,30.9,42.11029507544105,-11.210295075441053,0.0
ridge,PAK,2005,train,31.3,41.595035689995235,-10.295035689995235,0.0
ridge,PAK,2007,train,29.7,41.47905361041674,-11.779053610416742,0.0
ridge,PAK,2010,train,28.8,39.76573591396637,-10.965735913966366,0.0
ridge,PAK,2011,train,29.7,39.11836812145038,-9.418368121450381,0.0
ridge,PAK,2013,train,29.5,38.585819412369695,-9.085819412369695,0.0
ridge,PAK,2015,train,31.3,38.38582295607315,-7.085822956073148,0.0
ridge,PAK,2018,train,29.6,38.61176353963017,-9.011763539630167,0.0
ridge,PAN,1991,train,58.0,45.73332793602263,12.266672063977367,2.0
ridge,PAN,1995,train,57.6,45.85031922020566,11.749680779794339,2.0
ridge,PAN,1999,train,56.3,46.777825672378036,9.522174327621961,2.0
ridge,PAN,2000,train,56.6,46.499939777340316,10.100060222659685,2.0
ridge,PAN,2001,train,56.7,46.22214177378329,10.47785822621671,2.0
ridge,PAN,2002,train,56.1,46.09326264051677,10.006737359483232,2.0
ridge,PAN,2004,train,54.8,45.73358646749048,9.066413532509515,2.0
ridge,PAN,2005,train,53.8,45.22254641272035,8.57745358727965,2.0
ridge,PAN,2006,train,54.6,45.142391623695886,9.457608376304115,2.0
ridge,PAN,2007,train,52.7,44.762509672407994,7.937490327592009,2.0
ridge,PAN,2008,train,52.7,43.71864196269722,8.981358037302783,2.0
ridge,PAN,2009,train,51.8,44.51583439134243,7.284165608657567,2.0
ridge,PAN,2010,train,51.6,43.736980560918575,7.863019439081427,2.0
ridge,PAN,2011,train,51.3,43.20819139250851,8.091808607491487,2.0
ridge,PAN,2013,train,51.5,42.19471328842293,9.305286711577068,2.0
ridge,PAN,2014,train,50.5,42.25959520998372,8.240404790016278,2.0
ridge,PAN,2015,train,50.8,42.19493453026266,8.60506546973734,2.0
ridge,PAN,2016,train,50.4,41.4724327523977,8.927567247602298,2.0
ridge,PAN,2017,train,49.9,41.527462968826114,8.372537031173884,2.0
ridge,PER,1994,train,44.0,48.637778384549804,-4.637778384549804,1.0
ridge,PER,1997,train,53.3,47.67060676165971,5.629393238340285,1.0
ridge,PER,1998,train,55.1,46.91235000308977,8.187649996910231,1.0
ridge,PER,1999,train,54.8,46.79016436829042,8.009835631709578,1.0
ridge,PER,2000,train,49.1,46.52478777967042,2.5752122203295826,1.0
ridge,PER,2001,train,51.3,46.34250882930085,4.95749117069915,1.0
ridge,PER,2002,train,53.6,46.26684624252556,7.333153757474442,1.0
ridge,PER,2003,train,53.1,46.53911921130318,6.560880788696821,1.0
ridge,PER,2004,train,49.9,45.674653226531674,4.225346773468324,1.0
ridge,PER,2005,train,50.4,45.97577906058107,4.42422093941893,1.0
ridge,PER,2006,train,50.3,45.24110001163396,5.058899988366036,1.0
ridge,PER,2007,train,50.0,44.30320934877585,5.696790651224148,1.0
ridge,PER,2008,train,47.5,43.86587287305359,3.63412712694641,1.0
ridge,PER,2009,train,47.0,43.924533130667214,3.075466869332786,1.0
ridge,PER,2010,train,45.5,42.60353229043944,2.896467709560561,1.0
ridge,PER,2011,train,44.7,41.969197971663476,2.7308020283365266,1.0
ridge,PER,2012,train,44.4,41.9684016321285,2.4315983678715014,1.0
ridge,PER,2013,train,43.9,41.50006876010555,2.3999312398944497,1.0
ridge,PER,2014,train,43.1,41.82391392871712,1.276086071282883,1.0
ridge,PER,2015,train,43.4,41.96319595879403,1.436804041205967,1.0
ridge,PER,2016,train,43.6,41.48894552834957,2.1110544716504336,1.0
ridge,PER,2017,train,43.3,41.254478376384796,2.045521623615201,1.0
ridge,PER,2018,train,42.4,40.89913782992021,1.5008621700797917,1.0
ridge,PHL,1991,train,43.8,42.214505872688896,1.585494127311101,1.0
ridge,PHL,1994,train,42.9,41.25303176836181,1.6469682316381906,1.0
ridge,PHL,1997,train,46.0,41.317535962198264,4.682464037801736,1.0
ridge,PHL,2003,train,46.6,41.39386376461029,5.206136235389714,1.0
ridge,PHL,2006,train,47.2,41.05639530870155,6.143604691298449,1.0
ridge,PHL,2009,train,46.3,40.706324981745695,5.593675018254302,1.0
ridge,PHL,2015,train,44.6,42.3068828776943,2.293117122305702,1.0
ridge,PHL,2018,train,42.3,42.37947179144859,-0.07947179144859007,1.0
ridge,POL,2001,train,32.8,35.81294527672275,-3.0129452767227534,2.0
ridge,POL,2002,train,34.1,35.53525015196912,-1.4352501519691216,2.0
ridge,POL,2003,train,34.9,34.60858402479249,0.2914159752075065,2.0
ridge,POL,2004,train,38.0,34.399250941960965,3.6007490580390353,2.0
ridge,POL,2005,train,35.8,34.05567864625836,1.7443213537416398,2.0
ridge,POL,2006,train,34.7,33.66281631599778,1.0371836840022226,2.0
ridge,POL,2007,train,34.0,33.153191096417544,0.8468089035824562,2.0
ridge,POL,2008,train,33.5,33.14889345972628,0.3511065402737188,2.0
ridge,POL,2009,train,33.4,32.93417637380949,0.465823626190506,2.0
ridge,POL,2010,train,33.2,32.21554051621983,0.9844594837801708,2.0
ridge,POL,2011,train,33.2,31.47053583693482,1.7294641630651846,2.0
ridge,POL,2012,train,33.0,31.22971218016174,1.7702878198382592,2.0
ridge,POL,2013,train,33.1,30.34963473267751,2.75036526732249,2.0
ridge,POL,2014,train,32.8,30.120765421688496,2.679234578311501,2.0
ridge,POL,2015,train,31.8,30.07140629358949,1.7285937064105106,2.0
ridge,POL,2016,train,31.2,29.697606165726487,1.5023938342735121,2.0
ridge,POL,2017,train,29.7,29.501579714554545,0.19842028544545443,2.0
ridge,POL,2018,train,30.2,29.386379122002975,0.8136208779970246,2.0
ridge,PRT,2003,train,38.8,39.38544758599183,-0.5854475859918296,2.0
ridge,PRT,2004,train,38.9,40.13213422605801,-1.2321342260580082,2.0
ridge,PRT,2005,train,38.5,39.96471998391107,-1.464719983911067,2.0
ridge,PRT,2006,train,38.1,39.88459309516668,-1.7845930951666773,2.0
ridge,PRT,2007,train,36.8,39.78563779865629,-2.985637798656292,2.0
ridge,PRT,2008,train,36.6,39.65940649793414,-3.059406497934141,2.0
ridge,PRT,2009,train,34.9,39.55213971588099,-4.652139715880992,2.0
ridge,PRT,2010,train,35.8,38.92498756268024,-3.1249875626802464,2.0
ridge,PRT,2011,train,36.3,38.631787495864046,-2.3317874958640488,2.0
ridge,PRT,2012,train,36.0,38.436437834291546,-2.436437834291546,2.0
ridge,PRT,2013,train,36.2,37.348640958621765,-1.1486409586217619,2.0
ridge,PRT,2014,train,35.6,37.403292421330825,-1.8032924213308235,2.0
ridge,PRT,2015,train,35.5,37.00496841240019,-1.5049684124001885,2.0
ridge,PRT,2016,train,35.2,37.01145148605259,-1.81145148605259,2.0
ridge,PRT,2017,train,33.8,36.5708122397039,-2.7708122397039006,2.0
ridge,PRT,2018,train,33.5,36.55796820894506,-3.057968208945063,2.0
ridge,PRY,1990,train,40.8,45.10846690348653,-4.308466903486533,1.0
ridge,PRY,1995,train,58.1,42.369021615362016,15.730978384637986,1.0
ridge,PRY,1997,train,54.9,43.08731440057184,11.812685599428157,1.0
ridge,PRY,1999,train,54.6,43.55118603755584,11.048813962444164,1.0
ridge,PRY,2001,train,54.6,44.01529895393331,10.58470104606669,1.0
ridge,PRY,2002,train,57.3,43.50463618409381,13.795363815906185,1.0
ridge,PRY,2003,train,54.9,42.76623330067714,12.133766699322855,1.0
ridge,PRY,2004,train,52.3,42.1828001447583,10.117199855241694,1.0
ridge,PRY,2005,train,51.4,42.38875002483036,9.01124997516964,1.0
ridge,PRY,2006,train,53.0,43.20087010068615,9.799129899313847,1.0
ridge,PRY,2007,train,53.0,42.88636890474635,10.113631095253652,1.0
ridge,PRY,2008,train,50.7,41.80931480362169,8.890685196378314,1.0
ridge,PRY,2009,train,49.1,43.883283267626226,5.216716732373776,1.0
ridge,PRY,2010,train,51.0,41.60453790341282,9.395462096587181,1.0
ridge,PRY,2011,train,52.3,40.427086686741745,11.872913313258252,1.0
ridge,PRY,2012,train,47.6,41.23009212432317,6.36990787567683,1.0
ridge,PRY,2016,train,47.9,39.95821312481455,7.94178687518545,1.0
ridge,PSE,2004,train,34.0,45.17769987945465,-11.17769987945465,1.0
ridge,PSE,2005,train,34.7,45.48743560530727,-10.787435605307266,1.0
ridge,PSE,2006,train,34.0,45.15470417674974,-11.154704176749739,1.0
ridge,PSE,2007,train,35.6,45.463857636017934,-9.863857636017933,1.0
ridge,PSE,2009,train,34.5,43.89159951152733,-9.391599511527332,1.0
ridge,PSE,2010,train,35.3,44.8457299424402,-9.545729942440204,1.0
ridge,PSE,2011,train,34.4,45.22452018746163,-10.82452018746163,1.0
ridge,PSE,2016,train,33.7,44.67025055559741,-10.97025055559741,1.0
ridge,QAT,2017,train,35.1,35.103304587248665,-0.0033045872486638928,2.0
ridge,ROU,2001,train,29.4,34.43386244434603,-5.033862444346035,1.0
ridge,ROU,2002,train,30.2,34.66658547992331,-4.466585479923314,1.0
ridge,ROU,2003,train,29.9,33.856576264568616,-3.9565762645686178,1.0
ridge,ROU,2004,train,30.0,33.1237605127913,-3.1237605127913,1.0
ridge,ROU,2005,train,29.8,34.45936487795616,-4.659364877956161,1.0
ridge,ROU,2006,train,39.6,33.78835908021476,5.8116409197852406,1.0
ridge,ROU,2007,train,37.5,34.416623679030344,3.0833763209696556,1.0
ridge,ROU,2008,train,36.4,32.17036316724604,4.229636832753961,1.0
ridge,ROU,2009,train,35.6,32.077462410295055,3.522537589704946,1.0
ridge,ROU,2010,train,35.5,32.069246349824155,3.430753650175845,1.0
ridge,ROU,2011,train,35.9,31.014861741514395,4.885138258485604,1.0
ridge,ROU,2012,train,36.5,32.81656648309148,3.683433516908522,1.0
ridge,ROU,2013,train,36.9,32.480777203052384,4.419222796947615,1.0
ridge,ROU,2014,train,36.0,32.874968980621176,3.1250310193788238,1.0
ridge,ROU,2015,train,35.9,33.272411496305445,2.627588503694554,1.0
ridge,ROU,2016,train,34.4,33.3214728524557,1.0785271475442997,1.0
ridge,ROU,2017,train,36.0,33.04805126323466,2.9519487367653383,1.0
ridge,ROU,2018,train,35.8,32.638863226225276,3.1611367737747216,1.0
ridge,RUS,1993,train,45.4,34.358382486765834,11.041617513234165,2.0
ridge,RUS,1996,train,46.1,36.43054033846162,9.669459661538383,2.0
ridge,RUS,1997,train,38.4,35.98488587384928,2.415114126150719,2.0
ridge,RUS,1998,train,38.1,36.41534181458967,1.6846581854103349,2.0
ridge,RUS,1999,train,37.4,35.45763359230082,1.9423664076991756,2.0
ridge,RUS,2003,train,40.0,34.1791997371197,5.820800262880297,2.0
ridge,RUS,2004,train,40.3,34.322995906515644,5.977004093484354,2.0
ridge,RUS,2005,train,41.3,34.083126174538755,7.216873825461242,2.0
ridge,RUS,2006,train,41.0,33.975612512746814,7.024387487253186,2.0
ridge,RUS,2007,train,42.3,33.930020479719694,8.369979520280303,2.0
ridge,RUS,2008,train,41.6,33.510030008276445,8.089969991723557,2.0
ridge,RUS,2009,train,39.8,33.456787617734356,6.343212382265641,2.0
ridge,RUS,2011,train,39.7,33.86384737422746,5.836152625772542,2.0
ridge,RUS,2012,train,40.7,33.82653791948224,6.873462080517761,2.0
ridge,RUS,2013,train,40.9,33.84282645239146,7.057173547608535,2.0
ridge,RUS,2014,train,36.9,33.826975323900456,3.0730246760995428,2.0
ridge,RUS,2015,train,36.5,33.70627747429241,2.7937225257075866,2.0
ridge,RUS,2016,train,36.7,33.853640036430974,2.8463599635690287,2.0
ridge,RUS,2017,train,35.5,33.63125064945345,1.8687493505465511,2.0
ridge,RUS,2018,train,35.3,33.017671037984464,2.2823289620155336,2.0
ridge,RWA,2000,train,48.5,43.63735374863981,4.862646251360189,0.0
ridge,RWA,2005,train,52.0,39.744535293285985,12.255464706714015,0.0
ridge,RWA,2010,train,47.2,41.392720296123166,5.807279703876837,0.0
ridge,RWA,2013,train,45.1,40.529111877532976,4.570888122467025,0.0
ridge,RWA,2016,train,43.7,38.344267481331684,5.355732518668319,0.0
ridge,SDN,2009,train,35.4,41.644972562606384,-6.244972562606385,
ridge,SDN,2014,train,34.2,45.162758107680595,-10.962758107680592,
ridge,SEN,2001,train,41.2,48.66224802123771,-7.462248021237706,0.0
ridge,SEN,2005,train,39.2,48.53360649443626,-9.33360649443626,0.0
ridge,SEN,2011,train,40.3,46.53018777631249,-6.230187776312491,0.0
ridge,SLB,2005,train,46.1,31.24774278049666,14.85225721950334,0.0
ridge,SLB,2012,train,37.1,29.548562767319016,7.5514372326809855,0.0
ridge,SLE,2011,train,34.0,40.879400597047066,-6.879400597047066,0.0
ridge,SLE,2018,train,35.7,38.97879566790914,-3.2787956679091366,0.0
ridge,SLV,1991,train,53.8,52.412049334457755,1.3879506655422418,1.0
ridge,SLV,1998,train,54.4,51.705274673697986,2.694725326302013,1.0
ridge,SLV,1999,train,52.1,51.9656614193584,0.13433858064160376,1.0
ridge,SLV,2000,train,51.5,51.72411169268456,-0.22411169268455922,1.0
ridge,SLV,2001,train,51.3,51.51196513029549,-0.21196513029549635,1.0
ridge,SLV,2002,train,51.9,51.51220025814638,0.38779974185361965,1.0
ridge,SLV,2003,train,50.4,51.218211459872684,-0.8182114598726855,1.0
ridge,SLV,2004,train,47.8,50.91382980868484,-3.113829808684841,1.0
ridge,SLV,2005,train,48.5,50.56287765085744,-2.0628776508574376,1.0
ridge,SLV,2006,train,45.7,50.20191901340171,-4.501919013401704,1.0
ridge,SLV,2007,train,45.2,49.810398795030096,-4.610398795030093,1.0
ridge,SLV,2008,train,46.9,49.061677336234894,-2.161677336234895,1.0
ridge,SLV,2009,train,45.8,49.60410966111494,-3.8041096611149428,1.0
ridge,SLV,2010,train,43.5,48.88683576050528,-5.386835760505278,1.0
ridge,SLV,2011,train,42.3,48.386071893091945,-6.0860718930919475,1.0
ridge,SLV,2012,train,41.8,48.49646746439899,-6.696467464398992,1.0
ridge,SLV,2013,train,43.4,48.655869460649846,-5.255869460649848,1.0
ridge,SLV,2014,train,41.6,48.61754816341257,-7.01754816341257,1.0
ridge,SLV,2015,train,40.6,48.66340688273947,-8.063406882739471,1.0
ridge,SLV,2016,train,40.0,48.79759816019752,-8.797598160197523,1.0
ridge,SLV,2017,train,38.0,48.9093738387988,-10.9093738387988,1.0
ridge,SLV,2018,train,38.6,48.71973274419719,-10.119732744197186,1.0
ridge,SRB,2002,train,32.7,36.79089852232924,-4.0908985223292404,1.0
ridge,SRB,2003,train,32.8,37.0930457992393,-4.293045799239302,1.0
ridge,SRB,2004,train,35.5,35.82789482812587,-0.3278948281258707,1.0
ridge,SRB,2005,train,36.5,36.59819317921846,-0.09819317921846249,1.0
ridge,SRB,2006,train,29.7,35.71969842783415,-6.019698427834154,1.0
ridge,SRB,2007,train,28.7,35.29420631554923,-6.594206315549233,1.0
ridge,SRB,2008,train,27.6,34.43272958407405,-6.832729584074052,1.0
ridge,SRB,2009,train,28.0,35.59348363977565,-7.593483639775648,1.0
ridge,SRB,2010,train,29.0,34.82894868369581,-5.828948683695813,1.0
ridge,SRB,2012,train,39.9,33.726675420573386,6.1733245794266125,1.0
ridge,SRB,2013,train,39.4,33.665049378403296,5.7349506215967025,1.0
ridge,SRB,2014,train,40.4,33.87056223532585,6.5294377646741495,1.0
ridge,SRB,2015,train,40.5,33.67285548708529,6.827144512914707,1.0
ridge,SRB,2016,train,38.8,33.49931857267252,5.300681427327476,1.0
ridge,SRB,2017,train,36.1,33.72388744546019,2.3761125545398087,1.0
ridge,SRB,2018,train,35.0,33.3428705364382,1.6571294635618017,1.0
ridge,STP,2010,train,30.8,54.251713119023954,-23.451713119023953,1.0
ridge,STP,2017,train,40.7,52.47059286415286,-11.77059286415286,1.0
ridge,SVK,2004,train,27.1,34.04321971931938,-6.94321971931938,2.0
ridge,SVK,2005,train,29.3,33.26284214898229,-3.9628421489822863,2.0
ridge,SVK,2006,train,25.8,31.97806487829801,-6.178064878298009,2.0
ridge,SVK,2007,train,24.7,31.552010838080733,-6.852010838080734,2.0
ridge,SVK,2008,train,26.0,31.24261245094966,-5.242612450949661,2.0
ridge,SVK,2009,train,27.2,32.19805262801395,-4.998052628013948,2.0
ridge,SVK,2010,train,27.3,31.182172895593038,-3.882172895593037,2.0
ridge,SVK,2011,train,26.5,30.34731761972987,-3.8473176197298713,2.0
ridge,SVK,2012,train,26.1,30.463720523594574,-4.363720523594573,2.0
ridge,SVK,2013,train,28.1,30.45596312745394,-2.35596312745394,2.0
ridge,SVK,2014,train,26.1,29.878011396800694,-3.778011396800693,2.0
ridge,SVK,2015,train,26.5,29.570097905321227,-3.0700979053212265,2.0
ridge,SVK,2016,train,25.2,29.606577789567165,-4.406577789567166,2.0
ridge,SVK,2017,train,23.2,29.528344843252317,-6.328344843252317,2.0
ridge,SVK,2018,train,25.0,29.039650339015562,-4.039650339015562,2.0
ridge,SVN,2002,train,29.1,31.324303780539758,-2.2243037805397563,2.0
ridge,SVN,2003,train,30.9,30.947050386932553,-0.047050386932554034,2.0
ridge,SVN,2004,train,24.8,31.03417668391934,-6.23417668391934,2.0
ridge,SVN,2005,train,24.6,30.985942236021863,-6.385942236021862,2.0
ridge,SVN,2006,train,24.4,30.6540110991208,-6.254011099120802,2.0
ridge,SVN,2007,train,24.4,30.35470769246803,-5.9547076924680304,2.0
ridge,SVN,2008,train,23.7,30.16039596249693,-6.460395962496932,2.0
ridge,SVN,2009,train,24.8,30.839787944117006,-6.0397879441170055,2.0
ridge,SVN,2010,train,24.9,30.37862914183558,-5.478629141835583,2.0
ridge,SVN,2011,train,24.9,29.592566789167275,-4.692566789167277,2.0
ridge,SVN,2012,train,25.6,29.54096598701817,-3.940965987018167,2.0
ridge,SVN,2013,train,26.2,28.3630462498088,-2.163046249808801,2.0
ridge,SVN,2014,train,25.7,28.361736997928023,-2.661736997928024,2.0
ridge,SVN,2015,train,25.4,28.348137872522603,-2.9481378725226044,2.0
ridge,SVN,2016,train,24.8,27.68019165081088,-2.880191650810879,2.0
ridge,SVN,2017,train,24.2,27.628627809316765,-3.4286278093167653,2.0
ridge,SVN,2018,train,24.6,27.377233859585353,-2.777233859585351,2.0
ridge,SWE,2001,train,26.5,30.041576538826437,-3.541576538826437,2.0
ridge,SWE,2002,train,26.2,29.987779031257066,-3.7877790312570667,2.0
ridge,SWE,2003,train,25.3,30.388185561386404,-5.088185561386403,2.0
ridge,SWE,2004,train,26.1,32.944596262382696,-6.844596262382694,2.0
ridge,SWE,2005,train,26.8,32.8226325092747,-6.022632509274697,2.0
ridge,SWE,2006,train,26.4,32.5204001350437,-6.1204001350437025,2.0
ridge,SWE,2007,train,27.1,32.32538561991278,-5.225385619912778,2.0
ridge,SWE,2008,train,28.1,32.89369136236024,-4.793691362360235,2.0
ridge,SWE,2009,train,27.3,33.295928309207014,-5.995928309207013,2.0
ridge,SWE,2010,train,27.7,32.65362386422065,-4.953623864220649,2.0
ridge,SWE,2011,train,27.6,32.57193298247615,-4.971932982476147,2.0
ridge,SWE,2012,train,27.6,32.56673464279831,-4.966734642798308,2.0
ridge,SWE,2013,train,28.8,30.525108874015636,-1.7251088740156355,2.0
ridge,SWE,2014,train,28.4,30.385565961823044,-1.9855659618230455,2.0
ridge,SWE,2015,train,29.2,29.821299914344667,-0.621299914344668,2.0
ridge,SWE,2016,train,29.6,29.656363796255903,-0.05636379625590138,2.0
ridge,SWE,2017,train,28.8,29.077112978296746,-0.27711297829674564,2.0
ridge,SWE,2018,train,30.0,29.05743050248147,0.9425694975185301,2.0
ridge,SWZ,1994,train,58.7,42.101442450457185,16.598557549542818,1.0
ridge,SWZ,2000,train,53.1,43.83963829032647,9.260361709673532,1.0
ridge,SWZ,2009,train,51.4,42.43656007098552,8.963439929014477,1.0
ridge,SWZ,2016,train,54.6,36.99749586534119,17.60250413465881,1.0
ridge,SYC,2006,train,42.8,32.00289623734361,10.797103762656384,2.0
ridge,SYC,2013,train,46.8,33.17261130795091,13.627388692049088,2.0
ridge,SYC,2018,train,32.1,31.954553762368217,0.14544623763178421,2.0
ridge,SYR,1996,train,35.2,43.274168759190914,-8.074168759190911,
ridge,SYR,2003,train,37.5,41.63754594531812,-4.1375459453181165,
ridge,SYR,2006,train,40.1,40.00469500325784,0.09530499674216486,
ridge,SYR,2009,train,40.4,40.071687568693065,0.32831243130693366,
ridge,TCD,2003,train,39.8,45.09226521419761,-5.292265214197613,0.0
ridge,TCD,2011,train,43.3,39.700033956645754,3.599966043354243,0.0
ridge,TCD,2018,train,37.5,37.314805964776696,0.18519403522330435,0.0
ridge,TGO,2006,train,42.2,45.08036723053053,-2.880367230530524,0.0
ridge,TGO,2011,train,46.0,42.76266115715431,3.2373388428456877,0.0
ridge,THA,1990,train,45.3,47.135975294432725,-1.8359752944327283,1.0
ridge,THA,1992,train,47.9,46.07941696182684,1.8205830381731616,1.0
ridge,THA,1994,train,43.5,45.31490413935218,-1.8149041393521799,1.0
ridge,THA,1996,train,42.9,43.510168962293335,-0.6101689622933364,1.0
ridge,THA,1998,train,41.5,42.40264283150826,-0.9026428315082597,1.0
ridge,THA,2002,train,41.9,41.00034818823288,0.8996518117671215,1.0
ridge,THA,2004,train,42.5,38.791337472521725,3.7086625274782747,1.0
ridge,THA,2006,train,41.8,38.23839621336963,3.5616037866303643,1.0
ridge,THA,2007,train,39.8,37.59793344712332,2.20206655287668,1.0
ridge,THA,2008,train,40.3,36.78533271356257,3.5146672864374295,1.0
ridge,THA,2009,train,39.6,37.11551581676112,2.4844841832388838,1.0
ridge,THA,2010,train,39.4,35.80738594260518,3.592614057394819,1.0
ridge,THA,2011,train,37.5,34.5045560829375,2.9954439170625022,1.0
ridge,THA,2012,train,39.3,34.468067288281745,4.8319327117182524,1.0
ridge,THA,2013,train,37.8,34.745165452770486,3.054834547229511,1.0
ridge,THA,2014,train,37.0,31.894864786072876,5.105135213927124,1.0
ridge,THA,2015,train,36.0,32.41875484808951,3.581245151910487,1.0
ridge,THA,2016,train,36.7,32.80334703103647,3.8966529689635294,1.0
ridge,THA,2017,train,36.4,36.51988015006761,-0.11988015006760833,1.0
ridge,THA,2018,train,36.4,37.013438046141474,-0.613438046141475,1.0
ridge,TJK,1999,train,29.5,36.31835622997918,-6.81835622997918,1.0
ridge,TJK,2003,train,32.7,33.917488274201986,-1.2174882742019832,1.0
ridge,TJK,2004,train,33.6,35.80628085812697,-2.2062808581269664,1.0
ridge,TJK,2007,train,32.2,35.50657617384821,-3.3065761738482067,1.0
ridge,TJK,2009,train,30.8,36.40688915186978,-5.606889151869776,1.0
ridge,TLS,2001,train,35.9,12.607344382936805,23.292655617063193,0.0
ridge,TLS,2014,train,28.7,26.134369832726758,2.565630167273241,0.0
ridge,TON,2000,train,37.7,33.27213496050092,4.427865039499082,1.0
ridge,TON,2009,train,37.5,34.03895721312286,3.4610427868771367,1.0
ridge,TON,2015,train,33.5,32.1756963244334,1.324303675566597,1.0
ridge,TTO,1992,train,40.2,43.15298210559229,-2.952982105592284,
ridge,TUN,1990,train,40.1,48.75452308400003,-8.654523084000026,1.0
ridge,TUN,1995,train,41.7,48.32674014331423,-6.62674014331423,1.0
ridge,TUN,2000,train,40.8,46.97171726090536,-6.1717172609053605,1.0
ridge,TUN,2005,train,37.7,45.08793777541428,-7.387937775414279,1.0
ridge,TUN,2010,train,38.5,43.80654897651292,-5.3065489765129215,1.0
ridge,TUN,2015,train,32.8,42.73563420378903,-9.935634203789036,1.0
ridge,TUR,1994,train,41.3,45.31826277177744,-4.018262771777444,1.0
ridge,TUR,2002,train,41.4,43.476840578216525,-2.076840578216526,1.0
ridge,TUR,2003,train,42.2,43.2371183319351,-1.0371183319350976,1.0
ridge,TUR,2004,train,41.3,43.25502754888832,-1.9550275488883244,1.0
ridge,TUR,2005,train,42.6,43.29658859762308,-0.6965885976230766,1.0
ridge,TUR,2006,train,39.6,42.95726268500703,-3.3572626850070293,1.0
ridge,TUR,2007,train,38.4,42.95273381730904,-4.55273381730904,1.0
ridge,TUR,2008,train,39.0,42.852339578151195,-3.852339578151195,1.0
ridge,TUR,2009,train,39.0,43.31676894496744,-4.316768944967443,1.0
ridge,TUR,2010,train,38.8,41.832289936081494,-3.032289936081497,1.0
ridge,TUR,2011,train,40.0,41.007736857162506,-1.0077368571625058,1.0
ridge,TUR,2012,train,40.2,41.49445892174294,-1.2944589217429368,1.0
ridge,TUR,2013,train,40.2,40.360439002133894,-0.1604390021338915,1.0
ridge,TUR,2014,train,41.2,40.22075392416283,0.9792460758371746,1.0
ridge,TUR,2015,train,42.9,40.18060661363347,2.7193933863665265,1.0
ridge,TUR,2016,train,41.9,39.958909321601595,1.9410906783984032,1.0
ridge,TUR,2017,train,43.5,38.980327191212695,4.5196728087873055,1.0
ridge,TUR,2018,train,42.4,38.64199184184046,3.758008158159541,1.0
ridge,TZA,1991,train,35.3,38.32559740111883,-3.02559740111883,0.0
ridge,TZA,2018,train,40.5,36.05269295809454,4.447307041905461,0.0
ridge,UGA,1992,train,41.4,43.795563531151636,-2.3955635311516374,
ridge,UKR,1992,train,29.7,28.147130551315726,1.5528694486842731,1.0
ridge,UKR,1993,train,28.9,30.007477574729975,-1.1074775747299768,1.0
ridge,UKR,1999,train,28.9,32.39166644588766,-3.4916664458876596,1.0
ridge,UKR,2002,train,29.0,32.57514497005367,-3.575144970053671,1.0
ridge,UKR,2003,train,28.7,32.839733513523676,-4.139733513523677,1.0
ridge,UKR,2004,train,28.9,32.86149806888507,-3.9614980688850707,1.0
ridge,UKR,2005,train,29.0,33.42078851927949,-4.4207885192794905,1.0
ridge,UKR,2006,train,29.8,33.65336442175015,-3.853364421750147,1.0
ridge,UKR,2007,train,27.0,34.03412717398771,-7.034127173987713,1.0
ridge,UKR,2008,train,26.6,33.95907945144495,-7.3590794514449485,1.0
ridge,UKR,2009,train,25.3,34.59338428976128,-9.293384289761281,1.0
ridge,UKR,2010,train,24.8,33.8918652131243,-9.091865213124297,1.0
ridge,UKR,2011,train,24.6,33.61235761395429,-9.012357613954286,1.0
ridge,UKR,2012,train,24.7,33.509678606736706,-8.809678606736707,1.0
ridge,UKR,2013,train,24.6,33.90577219054741,-9.305772190547408,1.0
ridge,UKR,2014,train,24.0,33.16139746122391,-9.161397461223913,1.0
ridge,UKR,2015,train,25.5,32.96885208047797,-7.468852080477973,1.0
ridge,UKR,2016,train,25.0,33.05245034149348,-8.052450341493483,1.0
ridge,UKR,2017,train,26.0,33.41065940486484,-7.4106594048648375,1.0
ridge,UKR,2018,train,26.1,33.56075216911713,-7.460752169117129,1.0
ridge,URY,1992,train,41.5,48.15710683092084,-6.6571068309208385,2.0
ridge,URY,1995,train,40.9,48.551205375829355,-7.651205375829356,2.0
ridge,URY,1996,train,40.8,47.92674090534416,-7.126740905344164,2.0
ridge,URY,1998,train,42.5,47.204845736512624,-4.704845736512624,2.0
ridge,URY,2000,train,43.4,46.77186151397791,-3.371861513977912,2.0
ridge,URY,2001,train,45.0,46.44269556849492,-1.4426955684949192,2.0
ridge,URY,2002,train,45.5,44.91816407741797,0.5818359225820302,2.0
ridge,URY,2003,train,45.0,42.47646544321221,2.523534556787787,2.0
ridge,URY,2004,train,45.9,42.10148225690046,3.798517743099538,2.0
ridge,URY,2005,train,44.7,43.72380339302903,0.9761966069709729,2.0
ridge,URY,2006,train,45.9,43.95845333109537,1.9415466689046283,2.0
ridge,URY,2007,train,46.4,44.54560188581651,1.854398114183489,2.0
ridge,URY,2008,train,45.1,44.042866346544315,1.0571336534556863,2.0
ridge,URY,2009,train,45.5,44.549682872224594,0.9503171277754063,2.0
ridge,URY,2010,train,44.5,43.9836191034204,0.516380896579598,2.0
ridge,URY,2011,train,42.2,42.914209133117524,-0.7142091331175209,2.0
ridge,URY,2012,train,39.9,42.844560702123275,-2.944560702123276,2.0
ridge,URY,2013,train,40.5,42.742533993962006,-2.242533993962006,2.0
ridge,URY,2014,train,40.1,42.602610898746526,-2.502610898746525,2.0
ridge,URY,2015,train,40.1,42.616077976427235,-2.5160779764272334,2.0
ridge,URY,2016,train,39.7,42.22075344307693,-2.520753443076927,2.0
ridge,URY,2017,train,39.5,42.32284530683391,-2.822845306833912,2.0
ridge,URY,2018,train,39.7,41.68959195682726,-1.9895919568272546,2.0
ridge,USA,1990,train,38.3,32.359018682506644,5.940981317493353,2.0
ridge,USA,1991,train,38.0,32.40634906347462,5.593650936525378,2.0
ridge,USA,1993,train,40.4,32.2501898399906,8.149810160009402,2.0
ridge,USA,1994,train,40.0,32.23002880143515,7.769971198564853,2.0
ridge,USA,1995,train,39.9,32.49389965860178,7.406100341398222,2.0
ridge,USA,1996,train,40.3,32.58643212682042,7.713567873179578,2.0
ridge,USA,1998,train,40.0,36.38950886630162,3.610491133698382,2.0
ridge,USA,1999,train,40.0,36.40066053686068,3.599339463139323,2.0
ridge,USA,2005,train,41.3,36.2543394544297,5.0456605455703,2.0
ridge,USA,2013,train,40.9,35.56326047966735,5.3367395203326495,2.0
ridge,USA,2014,train,41.7,35.603970145542974,6.096029854457029,2.0
ridge,USA,2015,train,41.5,35.75333144237533,5.746668557624673,2.0
ridge,USA,2016,train,41.3,35.71328307432284,5.586716925677159,2.0
ridge,USA,2017,train,41.4,35.50084311420328,5.899156885796721,2.0
ridge,USA,2018,train,41.8,35.21925088362209,6.580749116377909,2.0
ridge,UZB,2000,train,35.9,31.995553958934558,3.904446041065441,1.0
ridge,UZB,2003,train,35.2,31.05051327590485,4.149486724095151,1.0
ridge,VNM,2016,train,35.3,33.878299552194406,1.4217004478055912,1.0
ridge,VNM,2018,train,35.7,33.0710943493009,2.628905650699103,1.0
ridge,VUT,2010,train,37.4,36.75113501068434,0.6488649893156619,0.0
ridge,WSM,2002,train,40.7,37.17773335408305,3.5222666459169503,1.0
ridge,ZAF,2000,train,57.8,46.11325038235463,11.686749617645368,2.0
ridge,ZAF,2005,train,65.0,43.92112647712183,21.07887352287817,2.0
ridge,ZAF,2008,train,62.5,42.01121929170217,20.48878070829783,2.0
ridge,ZAF,2010,train,60.9,42.04147541391705,18.85852458608295,2.0
ridge,ZAF,2014,train,59.6,39.57069116036178,20.02930883963822,2.0
ridge,ALB,2019,test,30.1,32.01945202227962,-1.9194520222796214,1.0
ridge,ALB,2020,test,29.4,32.30639707606807,-2.9063970760680746,1.0
ridge,ARG,2019,test,43.3,37.558702892470805,5.741297107529192,2.0
ridge,ARG,2020,test,42.7,37.236834482003246,5.463165517996757,2.0
ridge,ARG,2021,test,42.4,36.062500075329766,6.337499924670233,2.0
ridge,ARG,2022,test,40.7,36.46649345289718,4.23350654710282,2.0
ridge,ARG,2023,test,42.4,37.472668929825595,4.927331070174404,2.0
ridge,ARM,2019,test,30.0,34.943239095161346,-4.943239095161346,1.0
ridge,ARM,2020,test,25.1,35.17588932384871,-10.075889323848706,1.0
ridge,ARM,2021,test,27.9,34.90801840084159,-7.008018400841593,1.0
ridge,ARM,2022,test,27.9,35.12636899873265,-7.226368998732653,1.0
ridge,ARM,2023,test,27.2,35.985020292481686,-8.785020292481686,1.0
ridge,AUS,2020,test,33.8,31.532717057472347,2.2672829425276504,2.0
ridge,AUT,2019,test,30.2,30.953960403269907,-0.7539604032699074,2.0
ridge,AUT,2020,test,29.8,31.074080975662334,-1.2740809756623328,2.0
ridge,AUT,2021,test,30.7,30.189073950002918,0.5109260499970816,2.0
ridge,AUT,2022,test,30.9,30.111470962768163,0.7885290372318359,2.0
ridge,AUT,2023,test,31.2,30.618506820879368,0.5814931791206313,2.0
ridge,BDI,2020,test,37.5,37.817668577561754,-0.31766857756175426,0.0
ridge,BEL,2019,test,27.2,27.813901902683806,-0.6139019026838071,2.0
ridge,BEL,2020,test,26.0,28.32030413232347,-2.3203041323234714,2.0
ridge,BEL,2021,test,26.6,28.27694823150884,-1.6769482315088382,2.0
ridge,BEL,2022,test,26.4,27.63317089189382,-1.2331708918938205,2.0
ridge,BEL,2023,test,26.8,28.340155791623822,-1.540155791623821,2.0
ridge,BEN,2021,test,34.4,40.649744259312655,-6.249744259312656,0.0
ridge,BFA,2021,test,37.4,42.45450215246685,-5.054502152466853,0.0
ridge,BGD,2022,test,30.9,34.977562932053786,-4.077562932053787,0.0
ridge,BGR,2019,test,40.3,34.331114204269866,5.968885795730131,
ridge,BGR,2020,test,40.5,34.12110538206305,6.37889461793695,
ridge,BGR,2021,test,39.0,33.57291242788776,5.427087572112242,
ridge,BGR,2022,test,38.2,33.12631254370666,5.073687456293342,
ridge,BGR,2023,test,39.5,34.39366302443643,5.106336975563572,
ridge,BIH,2021,test,30.3,34.59331492412386,-4.293314924123859,1.0
ridge,BLR,2019,test,25.3,30.883892283303013,-5.583892283303012,1.0
ridge,BLR,2020,test,24.4,31.05180370498173,-6.651803704981731,1.0
ridge,BOL,2019,test,41.6,40.80027958129266,0.7997204187073379,1.0
ridge,BOL,2020,test,43.6,40.82795917813726,2.7720408218627384,1.0
ridge,BOL,2021,test,40.9,39.90238514393431,0.9976148560656881,1.0
ridge,BOL,2022,test,41.2,39.87631986896883,1.3236801310311748,1.0
ridge,BOL,2023,test,42.1,39.82799262661715,2.2720073733828485,1.0
ridge,BRA,2019,test,53.5,44.03474218814823,9.465257811851771,2.0
ridge,BRA,2020,test,48.8,42.99478847851774,5.805211521482256,2.0
ridge,BRA,2021,test,52.9,41.59006984613618,11.309930153863817,2.0
ridge,BRA,2022,test,51.9,42.15302311157804,9.746976888421962,2.0
ridge,BTN,2022,test,28.5,29.283557624891404,-0.7835576248914045,0.0
ridge,CAN,2019,test,31.8,31.2122721632469,0.5877278367530998,2.0
ridge,CAN,2020,test,29.9,31.3335433434003,-1.4335433434003022,2.0
ridge,CAN,2021,test,31.1,31.152000196303167,-0.052000196303165325,2.0
ridge,CAN,2022,test,31.5,28.323084730055466,3.1769152699445335,2.0
ridge,CHE,2019,test,34.0,31.862963044537636,2.1370369554623636,2.0
ridge,CHE,2020,test,33.7,31.926934955770648,1.7730650442293552,2.0
ridge,CHE,2021,test,33.8,31.587771381066045,2.2122286189339526,2.0
ridge,CHE,2022,test,33.8,31.81599324849315,1.984006751506847,2.0
ridge,CHL,2020,test,47.0,38.236480427722945,8.763519572277055,2.0
ridge,CHL,2022,test,43.2,37.41287161684513,5.787128383154872,2.0
ridge,CIV,2021,test,35.3,40.41295276516812,-5.112952765168124,0.0
ridge,CMR,2021,test,42.2,39.15493250995328,3.0450674900467263,0.0
ridge,COL,2019,test,52.5,41.46527238852938,11.034727611470622,1.0
ridge,COL,2020,test,54.4,41.04006813442115,13.35993186557885,1.0
ridge,COL,2021,test,55.1,40.072487484659256,15.027512515340746,1.0
ridge,COL,2022,test,54.8,39.45196651241806,15.348033487581937,1.0
ridge,CRI,2019,test,48.2,40.284460748646026,7.915539251353977,2.0
ridge,CRI,2020,test,49.2,39.94171031307178,9.258289686928222,2.0
ridge,CRI,2021,test,48.7,38.93221038118836,9.76778961881164,2.0
ridge,CRI,2022,test,47.2,39.619428746139064,7.580571253860938,2.0
ridge,CRI,2023,test,46.7,40.74217757836054,5.957822421639463,2.0
ridge,CYP,2019,test,31.2,34.22719850210076,-3.027198502100763,2.0
ridge,CYP,2020,test,31.7,33.448494022546804,-1.7484940225468044,2.0
ridge,CYP,2021,test,31.3,32.90656125105278,-1.6065612510527778,2.0
ridge,CYP,2022,test,31.5,32.345892523090605,-0.8458925230906047,2.0
ridge,CYP,2023,test,31.8,32.3349155170528,-0.5349155170527986,2.0
ridge,CZE,2019,test,25.3,30.120835158124777,-4.820835158124776,2.0
ridge,CZE,2020,test,26.2,30.45341609213749,-4.253416092137492,2.0
ridge,CZE,2021,test,26.2,30.124588870854158,-3.9245888708541585,2.0
ridge,CZE,2022,test,25.9,29.8650483948537,-3.965048394853703,2.0
ridge,CZE,2023,test,25.7,30.554311595893566,-4.8543115958935665,2.0
ridge,DEU,2019,test,32.2,29.982751093606765,2.2172489063932375,2.0
ridge,DEU,2020,test,32.5,29.983009960518654,2.516990039481346,2.0
ridge,DEU,2021,test,33.6,29.59353892712256,4.006461072877443,2.0
ridge,DEU,2022,test,33.7,29.34985815735024,4.350141842649762,2.0
ridge,DNK,2019,test,27.7,29.318485707630696,-1.6184857076306969,2.0
ridge,DNK,2020,test,27.5,29.456084360736288,-1.9560843607362877,2.0
ridge,DNK,2021,test,28.3,29.152905126036227,-0.8529051260362266,2.0
ridge,DNK,2022,test,29.3,29.291201061155164,0.008798938844837068,2.0
ridge,DNK,2023,test,29.9,28.87698277152439,1.0230172284756094,2.0
ridge,DOM,2019,test,41.9,43.9684897598286,-2.0684897598286014,1.0
ridge,DOM,2020,test,39.6,43.664012057177274,-4.064012057177273,1.0
ridge,DOM,2021,test,38.5,42.83733755580994,-4.337337555809938,1.0
ridge,DOM,2022,test,37.0,42.59510175911312,-5.5951017591131205,1.0
ridge,DOM,2023,test,38.4,42.844059047434854,-4.444059047434855,1.0
ridge,ECU,2019,test,45.7,41.362600113734175,4.337399886265828,1.0
ridge,ECU,2020,test,47.3,41.61160721770963,5.688392782290364,1.0
ridge,ECU,2021,test,45.8,40.70166763053929,5.098332369460707,1.0
ridge,ECU,2022,test,45.5,40.9526228159817,4.547377184018302,1.0
ridge,ECU,2023,test,44.6,40.96777747763811,3.632222522361893,1.0
ridge,EGY,2019,test,31.9,37.551054832499744,-5.651054832499746,1.0
ridge,EGY,2021,test,28.5,36.545677423153464,-8.045677423153464,1.0
ridge,ESP,2019,test,34.3,35.71862643321319,-1.4186264332131913,2.0
ridge,ESP,2020,test,34.9,35.368514798915356,-0.46851479891535774,2.0
ridge,ESP,2021,test,33.9,34.6215914252573,-0.7215914252573015,2.0
ridge,ESP,2022,test,33.6,34.642490370333704,-1.0424903703337023,2.0
ridge,ESP,2023,test,33.4,35.100124353340455,-1.7001243533404562,2.0
ridge,EST,2019,test,30.8,29.670369078454527,1.1296309215454734,2.0
ridge,EST,2020,test,30.7,29.937496793222707,0.7625032067772928,2.0
ridge,EST,2021,test,31.8,28.980156930228713,2.819843069771288,2.0
ridge,EST,2022,test,32.3,28.772848527598388,3.5271514724016093,2.0
ridge,EST,2023,test,30.7,30.20702660976958,0.49297339023041786,2.0
ridge,FIN,2019,test,27.7,26.80175255467412,0.8982474453258789,2.0
ridge,FIN,2020,test,27.1,26.916508117376225,0.1834918826237768,2.0
ridge,FIN,2021,test,27.7,26.516525738226125,1.183474261773874,2.0
ridge,FIN,2022,test,27.9,26.046902805448045,1.8530971945519532,2.0
ridge,FIN,2023,test,27.4,26.584159540439988,0.815840459560011,2.0
ridge,FJI,2019,test,30.7,36.19361415389065,-5.49361415389065,1.0
ridge,FRA,2019,test,31.2,34.54845156127578,-3.348451561275784,2.0
ridge,FRA,2020,test,30.7,34.71792516542187,-4.017925165421868,2.0
ridge,FRA,2021,test,31.5,34.288908411460326,-2.7889084114603264,2.0
ridge,FRA,2022,test,31.2,34.11201534966891,-2.912015349668909,2.0
ridge,FRA,2023,test,31.8,34.20807967684107,-2.408079676841073,2.0
ridge,GBR,2019,test,32.8,33.15771211152095,-0.3577121115209536,2.0
ridge,GBR,2020,test,32.7,33.24859544690583,-0.5485954469058285,2.0
ridge,GBR,2021,test,32.4,32.99829147823907,-0.5982914782390694,2.0
ridge,GEO,2019,test,35.9,32.418467357521045,3.481532642478953,2.0
ridge,GEO,2020,test,34.5,32.68269390083816,1.81730609916184,2.0
ridge,GEO,2021,test,34.2,32.868947137097514,1.3310528629024887,2.0
ridge,GEO,2022,test,33.5,33.050097134801085,0.449902865198915,2.0
ridge,GEO,2023,test,34.8,33.87326997446663,0.9267300255333666,2.0
ridge,GRC,2019,test,33.1,36.5936477582955,-3.493647758295502,2.0
ridge,GRC,2020,test,33.6,36.440936281590815,-2.840936281590814,2.0
ridge,GRC,2021,test,32.9,35.64645199608529,-2.746451996085291,2.0
ridge,GRC,2022,test,33.4,34.822967658880124,-1.4229676588801254,2.0
ridge,GRC,2023,test,33.4,35.66273452397295,-2.262734523972952,2.0
ridge,GTM,2023,test,45.2,49.467020406690956,-4.267020406690953,1.0
ridge,HND,2019,test,48.2,46.55378117199342,1.6462188280065817,1.0
ridge,HND,2023,test,46.8,46.10521816941993,0.6947818305800695,1.0
ridge,HRV,2019,test,28.9,31.411230447706075,-2.511230447706076,2.0
ridge,HRV,2020,test,29.5,31.12567998318105,-1.6256799831810511,2.0
ridge,HRV,2021,test,28.9,30.304468930923285,-1.4044689309232865,2.0
ridge,HRV,2022,test,30.0,29.986066337702557,0.013933662297443306,2.0
ridge,HRV,2023,test,30.1,30.681914703283155,-0.5819147032831538,2.0
ridge,IDN,2019,test,35.4,37.8714736131298,-2.4714736131298025,1.0
ridge,IDN,2020,test,35.3,37.185236206091375,-1.8852362060913777,1.0
ridge,IDN,2021,test,35.5,36.713027743935974,-1.2130277439359745,1.0
ridge,IDN,2022,test,35.5,36.99922133663009,-1.499221336630093,1.0
ridge,IDN,2023,test,36.1,37.30619487046325,-1.20619487046325,1.0
ridge,IND,2022,test,25.5,30.45077060068828,-4.95077060068828,0.0
ridge,IRL,2019,test,30.3,23.4352318055885,6.8647681944115,2.0
ridge,IRL,2020,test,29.2,22.81058237087351,6.389417629126488,2.0
ridge,IRL,2021,test,29.4,22.882773284353423,6.517226715646576,2.0
ridge,IRL,2022,test,29.9,22.496610732904596,7.4033892670954025,2.0
ridge,IRN,2020,test,35.8,36.465459181319616,-0.6654591813196191,1.0
ridge,IRN,2022,test,34.8,36.04298654740121,-1.242986547401216,1.0
ridge,IRN,2023,test,35.9,36.36898826027517,-0.46898826027516805,1.0
ridge,ISL,2019,test,26.8,31.10987346952001,-4.30987346952001,2.0
ridge,ISR,2019,test,38.3,36.023302978250655,2.2766970217493423,2.0
ridge,ISR,2020,test,37.8,35.8003527904941,1.9996472095058948,2.0
ridge,ISR,2021,test,37.9,35.51998566100145,2.3800143389985493,2.0
ridge,ISR,2022,test,38.3,35.502370760351795,2.7976292396482023,2.0
ridge,ITA,2019,test,34.6,35.49357561894148,-0.8935756189414761,2.0
ridge,ITA,2020,test,35.2,35.539903660875815,-0.33990366087581236,2.0
ridge,ITA,2021,test,34.8,34.84379599237886,-0.043795992378861115,2.0
ridge,ITA,2022,test,33.7,34.48187262888308,-0.7818726288830788,2.0
ridge,ITA,2023,test,34.3,34.88677392202085,-0.5867739220208534,2.0
ridge,JAM,2021,test,39.9,40.77730376533569,-0.8773037653356894,1.0
ridge,JPN,2019,test,33.0,36.6811599354369,-3.6811599354369022,2.0
ridge,JPN,2020,test,32.3,36.614246045613555,-4.314246045613558,2.0
ridge,KAZ,2019,test,28.0,34.046533388446726,-6.046533388446726,2.0
ridge,KAZ,2020,test,28.7,33.64782777149699,-4.947827771496993,2.0
ridge,KAZ,2021,test,29.2,33.28196977617938,-4.081969776179381,2.0
ridge,KEN,2021,test,38.7,30.084131741623203,8.6158682583768,0.0
ridge,KEN,2022,test,38.5,29.079912266008762,9.420087733991238,0.0
ridge,KGZ,2019,test,29.7,34.17546841132467,-4.475468411324673,1.0
ridge,KGZ,2020,test,29.0,33.61665628844517,-4.616656288445171,1.0
ridge,KGZ,2021,test,28.8,33.188646900184715,-4.388646900184714,1.0
ridge,KGZ,2023,test,27.2,33.16960220629763,-5.969602206297633,1.0
ridge,KIR,2023,test,24.7,32.2477304801308,-7.547730480130799,
ridge,KOR,2019,test,33.2,33.135860591165134,0.06413940883486902,2.0
ridge,KOR,2020,test,32.7,33.064633041219814,-0.3646330412198111,2.0
ridge,KOR,2021,test,32.9,32.34791926698911,0.5520807330108894,2.0
ridge,LBN,2022,test,35.5,53.58426007676363,-18.084260076763627,2.0
ridge,LTU,2019,test,35.3,29.44511144221682,5.854888557783177,2.0
ridge,LTU,2020,test,36.0,29.0430836389364,6.956916361063598,2.0
ridge,LTU,2021,test,36.7,28.5852773316472,8.114722668352801,2.0
ridge,LTU,2022,test,36.6,27.937135010390644,8.662864989609357,2.0
ridge,LTU,2023,test,36.0,29.460874694199155,6.5391253058008445,2.0
ridge,LUX,2019,test,34.2,27.583730155035564,6.616269844964439,2.0
ridge,LUX,2020,test,33.4,27.659514014320287,5.740485985679712,2.0
ridge,LUX,2021,test,32.7,27.412953094892618,5.287046905107385,2.0
ridge,LUX,2022,test,34.1,27.230210640914397,6.869789359085605,2.0
ridge,LUX,2023,test,33.6,27.537298949033033,6.062701050966968,2.0
ridge,LVA,2019,test,34.5,30.836416627781105,3.663583372218895,2.0
ridge,LVA,2020,test,35.7,30.498884660228043,5.20111533977196,2.0
ridge,LVA,2021,test,34.3,29.39399182152724,4.9060081784727565,2.0
ridge,LVA,2022,test,33.7,28.842487883927607,4.857512116072396,2.0
ridge,LVA,2023,test,34.0,30.622711241279497,3.3772887587205034,2.0
ridge,MDA,2019,test,26.0,32.51136325668136,-6.5113632566813635,1.0
ridge,MDA,2020,test,25.0,32.78541391620761,-7.7854139162076095,1.0
ridge,MDA,2021,test,25.7,31.714366449784713,-6.014366449784713,1.0
ridge,MDA,2022,test,25.9,32.59361475157941,-6.69361475157941,1.0
ridge,MDA,2023,test,26.8,33.61222786172361,-6.81222786172361,1.0
ridge,MDG,2021,test,36.8,41.37522131793952,-4.575221317939523,0.0
ridge,MDV,2019,test,29.3,43.317629201639754,-14.017629201639753,1.0
ridge,MEX,2020,test,44.6,41.38859725134355,3.211402748656454,2.0
ridge,MEX,2022,test,43.5,40.95678847790647,2.5432115220935287,2.0
ridge,MHL,2019,test,35.5,29.062955374954168,6.437044625045832,1.0
ridge,MKD,2019,test,33.5,34.17434616198682,-0.6743461619868185,1.0
ridge,MLT,2019,test,31.0,36.375701543454454,-5.375701543454454,2.0
ridge,MLT,2020,test,31.4,35.682574491555236,-4.282574491555238,2.0
ridge,MLT,2021,test,31.6,35.83496491673162,-4.23496491673162,2.0
ridge,MLT,2022,test,34.6,35.496805457754725,-0.8968054577547235,2.0
ridge,MLT,2023,test,31.8,36.450675709921626,-4.650675709921625,2.0
ridge,MNE,2019,test,35.7,34.9729464782193,0.7270535217807037,2.0
ridge,MNE,2020,test,35.4,34.60619313517935,0.7938068648206453,2.0
ridge,MNE,2021,test,34.3,34.56998716699984,-0.26998716699984016,2.0
ridge,MNG,2022,test,31.4,34.77909274343571,-3.379092743435713,1.0
ridge,MRT,2019,test,32.0,38.09916654914055,-6.0991665491405485,0.0
ridge,MWI,2019,test,38.5,37.95364886987006,0.546351130129942,0.0
ridge,MYS,2021,test,40.7,33.86745767447142,6.8325423255285855,1.0
ridge,NLD,2019,test,29.2,31.09660974457382,-1.8966097445738193,2.0
ridge,NLD,2020,test,26.0,29.235536164442678,-3.235536164442678,2.0
ridge,NLD,2021,test,25.7,28.665423929550236,-2.965423929550237,2.0
ridge,NOR,2019,test,27.7,28.227199436136797,-0.5271994361367973,2.0
ridge,NOR,2020,test,28.4,28.199605303075103,0.20039469692489575,2.0
ridge,NOR,2021,test,29.1,27.352905285430907,1.7470947145690943,2.0
ridge,NOR,2022,test,26.9,26.63721318179774,0.26278681820225813,2.0
ridge,NOR,2023,test,26.5,27.098527140236516,-0.5985271402365164,2.0
ridge,NPL,2022,test,30.0,39.57000589743998,-9.570005897439977,0.0
ridge,PER,2019,test,41.5,40.932562787030825,0.5674372129691747,1.0
ridge,PER,2020,test,43.7,40.31953749885392,3.3804625011460843,1.0
ridge,PER,2021,test,40.1,39.183524299875884,0.916475700124117,1.0
ridge,PER,2022,test,40.3,39.17448275399726,1.1255172460027367,1.0
ridge,PER,2023,test,40.7,38.93879227607007,1.7612077239299353,1.0
ridge,PHL,2021,test,40.7,40.365860727902785,0.33413927209721805,1.0
ridge,PHL,2023,test,39.3,39.482499572684475,-0.18249957268447758,1.0
ridge,POL,2019,test,28.8,29.2368912587124,-0.4368912587124001,2.0
ridge,POL,2020,test,28.5,28.819670272162146,-0.3196702721621456,2.0
ridge,POL,2021,test,28.5,28.309644938238097,0.19035506176190253,2.0
ridge,POL,2022,test,28.9,27.956539531348614,0.9434604686513843,2.0
ridge,POL,2023,test,28.5,28.26787296878608,0.23212703121392053,2.0
ridge,PRT,2019,test,32.8,36.15896267114127,-3.3589626711412706,2.0
ridge,PRT,2020,test,34.7,36.007674618268645,-1.307674618268642,2.0
ridge,PRT,2021,test,34.6,35.33365747770358,-0.7336574777035807,2.0
ridge,PRT,2022,test,36.3,35.084286776528515,1.2157132234714823,2.0
ridge,PRT,2023,test,33.9,35.356865223632376,-1.4568652236323771,2.0
ridge,PRY,2020,test,43.5,39.13851968079438,4.361480319205619,1.0
ridge,PRY,2021,test,42.9,38.69592524827759,4.204074751722409,1.0
ridge,PRY,2022,test,44.6,39.28409884121251,5.31590115878749,1.0
ridge,PRY,2023,test,44.2,39.01178022362983,5.188219776370175,1.0
ridge,PSE,2023,test,36.4,45.65138887381537,-9.251388873815372,1.0
ridge,ROU,2019,test,34.8,32.63619125023224,2.1638087497677603,1.0
ridge,ROU,2020,test,34.6,32.80008490637774,1.7999150936222605,1.0
ridge,ROU,2021,test,33.9,32.15211130293226,1.7478886970677365,1.0
ridge,ROU,2022,test,32.3,32.65780752279331,-0.3578075227933155,1.0
ridge,ROU,2023,test,29.8,33.07944470753943,-3.2794447075394295,1.0
ridge,RUS,2019,test,35.7,32.874227446065646,2.825772553934357,2.0
ridge,RUS,2020,test,33.7,33.50067126062602,0.199328739373982,2.0
ridge,RUS,2021,test,35.1,33.483364493327784,1.6166355066722176,2.0
ridge,RUS,2022,test,33.9,33.987046132629715,-0.08704613262971606,2.0
ridge,RUS,2023,test,33.0,34.17913516677075,-1.1791351667707488,2.0
ridge,RWA,2023,test,39.4,34.77378106580087,4.62621893419913,0.0
ridge,SEN,2021,test,36.2,43.730617194713346,-7.530617194713344,0.0
ridge,SLV,2019,test,38.8,48.63989416445464,-9.839894164454641,1.0
ridge,SLV,2021,test,39.0,47.86420657230523,-8.864206572305228,1.0
ridge,SLV,2022,test,38.8,47.91334393025872,-9.113343930258722,1.0
ridge,SLV,2023,test,39.8,47.99629354785556,-8.19629354785556,1.0
ridge,SRB,2019,test,34.5,33.342884550584905,1.1571154494150946,1.0
ridge,SRB,2020,test,35.0,33.541714911877065,1.4582850881229348,1.0
ridge,SRB,2021,test,33.1,32.72031323350958,0.37968676649042266,1.0
ridge,SRB,2022,test,32.8,32.19577309681059,0.6042269031894065,1.0
ridge,SUR,2022,test,39.2,39.606172042371476,-0.4061720423714732,1.0
ridge,SVK,2019,test,23.2,28.921921611603903,-5.721921611603904,2.0
ridge,SVK,2020,test,24.2,29.16902126848311,-4.969021268483111,2.0
ridge,SVK,2021,test,24.1,28.47854655266586,-4.37854655266586,2.0
ridge,SVK,2022,test,24.1,27.93179520818633,-3.8317952081863282,2.0
ridge,SVK,2023,test,23.8,28.338214224511706,-4.538214224511705,2.0
ridge,SVN,2019,test,24.4,27.550540284466585,-3.1505402844665866,2.0
ridge,SVN,2020,test,24.0,27.58798281098654,-3.5879828109865386,2.0
ridge,SVN,2021,test,24.3,27.226484836412666,-2.9264848364126657,2.0
ridge,SVN,2022,test,24.3,26.86097680022003,-2.560976800220029,2.0
ridge,SVN,2023,test,24.7,27.55613939965563,-2.856139399655632,2.0
ridge,SWE,2019,test,29.3,29.31330413085365,-0.013304130853647678,2.0
ridge,SWE,2020,test,28.9,29.507572612419395,-0.6075726124193963,2.0
ridge,SWE,2021,test,29.8,28.885265147822718,0.9147348521772827,2.0
ridge,SWE,2022,test,31.6,28.340793941765906,3.2592060582340956,2.0
ridge,SWE,2023,test,29.3,28.906080275853103,0.39391972414689747,2.0
ridge,SYR,2022,test,26.4,42.71345806103635,-16.31345806103635,
ridge,TGO,2021,test,37.9,38.243101299623135,-0.34310129962313596,0.0
ridge,THA,2019,test,34.9,37.0616558882897,-2.161655888289701,1.0
ridge,THA,2020,test,35.0,36.95484335486696,-1.9548433548669593,1.0
ridge,THA,2021,test,34.9,35.77623558323149,-0.876235583231491,1.0
ridge,THA,2022,test,34.3,35.08439687608939,-0.7843968760893958,1.0
ridge,THA,2023,test,33.5,35.539116590927534,-2.0391165909275344,1.0
ridge,TJK,2021,test,32.4,30.241687596829028,2.158312403170971,1.0
ridge,TJK,2022,test,39.5,30.30795465673122,9.19204534326878,1.0
ridge,TJK,2023,test,38.0,30.279136790290796,7.720863209709204,1.0
ridge,TON,2021,test,27.1,29.690214313673895,-2.5902143136738935,1.0
ridge,TUR,2019,test,43.8,38.2773429372041,5.522657062795901,1.0
ridge,TUR,2020,test,43.0,37.671015444030424,5.328984555969576,1.0
ridge,TUR,2021,test,44.4,37.18553104055208,7.21446895944792,1.0
ridge,TUR,2022,test,44.5,36.39954403270363,8.10045596729637,1.0
ridge,TUR,2023,test,43.7,36.66401729386271,7.03598270613729,1.0
ridge,UKR,2019,test,26.6,35.128814131878904,-8.528814131878903,1.0
ridge,UKR,2020,test,25.6,35.50179084929582,-9.901790849295821,1.0
ridge,URY,2019,test,39.7,41.03990306779887,-1.3399030677988648,2.0
ridge,URY,2020,test,40.2,40.43075266979579,-0.23075266979578402,2.0
ridge,URY,2021,test,40.8,38.857791090459905,1.942208909540092,2.0
ridge,URY,2022,test,40.6,38.27784413558318,2.322155864416821,2.0
ridge,URY,2023,test,40.9,39.07494456386382,1.825055436136175,2.0
ridge,USA,2019,test,41.9,35.03030869197933,6.86969130802067,2.0
ridge,USA,2020,test,40.0,34.74690871936867,5.253091280631331,2.0
ridge,USA,2021,test,39.7,34.71553271782945,4.984467282170556,2.0
ridge,USA,2022,test,41.7,29.716573253911594,11.983426746088409,2.0
ridge,UZB,2021,test,32.9,28.10216442816227,4.79783557183773,1.0
ridge,UZB,2022,test,31.2,28.605088941558932,2.594911058441067,1.0
ridge,UZB,2023,test,34.5,29.100663244927198,5.399336755072802,1.0
ridge,VNM,2020,test,36.8,32.33327781485935,4.466722185140647,1.0
ridge,VNM,2022,test,36.1,31.438743003163253,4.661256996836748,1.0
ridge,ZAF,2022,test,54.1,36.633312544502516,17.466687455497485,2.0
